date,discharge
01/01/1975,0.0
01/02/1975,0.0
01/03/1975,0.0
01/04/1975,0.0
01/05/1975,0.0
01/06/1975,0.0
01/07/1975,0.0
01/08/1975,0.0
01/09/1975,0.0
01/10/1975,0.0
01/11/1975,0.0
01/12/1975,0.0
01/13/1975,0.0
01/14/1975,0.0
01/15/1975,0.0
01/16/1975,0.0
01/17/1975,0.0
01/18/1975,0.0
01/19/1975,0.0
01/20/1975,0.0
01/21/1975,0.0
01/22/1975,0.0
01/23/1975,0.0
01/24/1975,0.0
01/25/1975,0.0
01/26/1975,0.0
01/27/1975,0.0
01/28/1975,0.0
01/29/1975,0.0
01/30/1975,0.0
01/31/1975,0.0
02/01/1975,0.0
02/02/1975,0.0
02/03/1975,0.0
02/04/1975,0.0
02/05/1975,0.0
02/06/1975,0.0
02/07/1975,0.0
02/08/1975,0.0
02/09/1975,0.0
02/10/1975,0.0
02/11/1975,0.0
02/12/1975,0.0
02/13/1975,0.0
02/14/1975,0.0
02/15/1975,0.0
02/16/1975,0.0
02/17/1975,0.0
02/18/1975,0.0
02/19/1975,0.0
02/20/1975,0.0
02/21/1975,0.0
02/22/1975,0.0
02/23/1975,0.0
02/24/1975,0.0
02/25/1975,0.0
02/26/1975,0.0
02/27/1975,0.0
02/28/1975,0.0
03/01/1975,0.0
03/02/1975,0.0
03/03/1975,0.0
03/04/1975,0.0
03/05/1975,0.0
03/06/1975,0.0
03/07/1975,0.0
03/08/1975,0.0
03/09/1975,0.0
03/10/1975,0.0
03/11/1975,0.0
03/12/1975,0.0
03/13/1975,0.0
03/14/1975,0.0
03/15/1975,0.0
03/16/1975,0.0
03/17/1975,0.0
03/18/1975,0.0
03/19/1975,0.0
03/20/1975,0.0
03/21/1975,0.0
03/22/1975,0.0
03/23/1975,0.0
03/24/1975,0.0
03/25/1975,0.0
03/26/1975,0.0
03/27/1975,0.0
03/28/1975,0.0
03/29/1975,0.0
03/30/1975,0.0
03/31/1975,0.0
04/01/1975,0.0
04/02/1975,0.0
04/03/1975,0.0
04/04/1975,0.0
04/05/1975,0.0
04/06/1975,0.0
04/07/1975,0.0
04/08/1975,0.0
04/09/1975,0.0
04/10/1975,0.0
04/11/1975,0.0
04/12/1975,0.0
04/13/1975,0.0
04/14/1975,0.0
04/15/1975,0.0
04/16/1975,0.0
04/17/1975,0.0
04/18/1975,0.0
04/19/1975,0.0
04/20/1975,0.0
04/21/1975,0.0
04/22/1975,0.0
04/23/1975,0.0
04/24/1975,0.0
04/25/1975,0.0
04/26/1975,0.0
04/27/1975,0.0
04/28/1975,0.0
04/29/1975,0.0
04/30/1975,0.0
05/01/1975,0.0
05/02/1975,0.0
05/03/1975,0.0
05/04/1975,0.0
05/05/1975,0.0
05/06/1975,0.0
05/07/1975,0.0
05/08/1975,0.0
05/09/1975,0.0
05/10/1975,0.0
05/11/1975,0.0
05/12/1975,0.0
05/13/1975,0.0
05/14/1975,0.0
05/15/1975,0.0
05/16/1975,0.0
05/17/1975,0.0
05/18/1975,0.0
05/19/1975,0.0
05/20/1975,0.0
05/21/1975,0.0
05/22/1975,0.0
05/23/1975,0.0
05/24/1975,0.0
05/25/1975,0.0
05/26/1975,0.0
05/27/1975,0.0
05/28/1975,0.0
05/29/1975,0.0
05/30/1975,0.0
05/31/1975,0.0
06/01/1975,0.0
06/02/1975,0.0
06/03/1975,0.0
06/04/1975,0.0
06/05/1975,0.0
06/06/1975,0.0
06/07/1975,0.0
06/08/1975,0.0
06/09/1975,0.0
06/10/1975,0.0
06/11/1975,0.0
06/12/1975,0.0
06/13/1975,0.0
06/14/1975,0.0
06/15/1975,0.0
06/16/1975,0.0
06/17/1975,0.0
06/18/1975,0.0
06/19/1975,0.0
06/20/1975,0.623
06/21/1975,0.453
06/22/1975,0.255
06/23/1975,0.566
06/24/1975,0.679
06/25/1975,0.679
06/26/1975,0.453
06/27/1975,0.566
06/28/1975,0.679
06/29/1975,0.34
06/30/1975,0.085
07/01/1975,0.0
07/02/1975,0.0
07/03/1975,0.0
07/04/1975,0.0
07/05/1975,0.0
07/06/1975,0.0
07/07/1975,0.0
07/08/1975,0.0
07/09/1975,0.0
07/10/1975,0.0
07/11/1975,0.0
07/12/1975,0.0
07/13/1975,0.0
07/14/1975,0.0
07/15/1975,0.0
07/16/1975,0.0
07/17/1975,0.0
07/18/1975,0.0
07/19/1975,0.0
07/20/1975,0.0
07/21/1975,0.0
07/22/1975,0.0
07/23/1975,0.0
07/24/1975,0.0
07/25/1975,0.0
07/26/1975,23.347
07/27/1975,22.527
07/28/1975,20.15
07/29/1975,17.206
07/30/1975,13.839
07/31/1975,11.745
08/01/1975,13.216
08/02/1975,15.141
08/03/1975,17.206
08/04/1975,15.82
08/05/1975,15.82
08/06/1975,17.206
08/07/1975,21.734
08/08/1975,25.923
08/09/1975,28.611
08/10/1975,31.47
08/11/1975,31.47
08/12/1975,58.072
08/13/1975,95.003
08/14/1975,150.188
08/15/1975,124.916
08/16/1975,91.522
08/17/1975,81.617
08/18/1975,78.448
08/19/1975,58.072
08/20/1975,39.79
08/21/1975,32.46
08/22/1975,37.582
08/23/1975,37.582
08/24/1975,33.451
08/25/1975,37.582
08/26/1975,103.889
08/27/1975,106.663
08/28/1975,86.485
08/29/1975,47.855
08/30/1975,40.894
08/31/1975,40.894
09/01/1975,0.0
09/02/1975,0.0
09/03/1975,0.0
09/04/1975,0.0
09/05/1975,0.0
09/06/1975,0.0
09/07/1975,0.0
09/08/1975,0.0
09/09/1975,0.0
09/10/1975,0.0
09/11/1975,0.0
09/12/1975,0.0
09/13/1975,0.0
09/14/1975,0.0
09/15/1975,0.0
09/16/1975,0.0
09/17/1975,0.0
09/18/1975,0.0
09/19/1975,0.0
09/20/1975,0.0
09/21/1975,0.0
09/22/1975,0.0
09/23/1975,0.0
09/24/1975,0.0
09/25/1975,0.0
09/26/1975,0.0
09/27/1975,0.0
09/28/1975,0.0
09/29/1975,0.0
09/30/1975,0.0
10/01/1975,0.0
10/02/1975,0.0
10/03/1975,0.0
10/04/1975,0.0
10/05/1975,0.0
10/06/1975,0.0
10/07/1975,0.0
10/08/1975,0.0
10/09/1975,0.0
10/10/1975,0.0
10/11/1975,0.0
10/12/1975,0.0
10/13/1975,0.0
10/14/1975,0.0
10/15/1975,0.0
10/16/1975,0.0
10/17/1975,0.0
10/18/1975,0.0
10/19/1975,0.0
10/20/1975,0.0
10/21/1975,0.0
10/22/1975,0.0
10/23/1975,0.0
10/24/1975,0.0
10/25/1975,0.0
10/26/1975,0.0
10/27/1975,0.0
10/28/1975,0.0
10/29/1975,0.0
10/30/1975,0.0
10/31/1975,0.0
11/01/1975,0.0
11/02/1975,0.0
11/03/1975,0.0
11/04/1975,0.0
11/05/1975,0.0
11/06/1975,0.0
11/07/1975,0.0
11/08/1975,0.0
11/09/1975,0.0
11/10/1975,0.0
11/11/1975,0.0
11/12/1975,0.0
11/13/1975,0.0
11/14/1975,0.0
11/15/1975,0.0
11/16/1975,0.0
11/17/1975,0.0
11/18/1975,0.0
11/19/1975,0.0
11/20/1975,0.0
11/21/1975,0.0
11/22/1975,0.0
11/23/1975,0.0
11/24/1975,0.0
11/25/1975,0.0
11/26/1975,0.0
11/27/1975,0.0
11/28/1975,0.0
11/29/1975,0.0
11/30/1975,0.0
12/01/1975,0.0
12/02/1975,0.0
12/03/1975,0.0
12/04/1975,0.0
12/05/1975,0.0
12/06/1975,0.0
12/07/1975,0.0
12/08/1975,0.0
12/09/1975,0.0
12/10/1975,0.0
12/11/1975,0.0
12/12/1975,0.0
12/13/1975,0.0
12/14/1975,0.0
12/15/1975,0.0
12/16/1975,0.0
12/17/1975,0.0
12/18/1975,0.0
12/19/1975,0.0
12/20/1975,0.0
12/21/1975,0.0
12/22/1975,0.0
12/23/1975,0.0
12/24/1975,0.0
12/25/1975,0.0
12/26/1975,0.0
12/27/1975,0.0
12/28/1975,0.0
12/29/1975,0.0
12/30/1975,0.0
12/31/1975,0.0
01/01/1976,0.0
01/02/1976,0.0
01/03/1976,0.0
01/04/1976,0.0
01/05/1976,0.0
01/06/1976,0.0
01/07/1976,0.0
01/08/1976,0.0
01/09/1976,0.0
01/10/1976,0.0
01/11/1976,0.0
01/12/1976,0.0
01/13/1976,0.0
01/14/1976,0.0
01/15/1976,0.0
01/16/1976,0.0
01/17/1976,0.0
01/18/1976,0.0
01/19/1976,0.0
01/20/1976,0.0
01/21/1976,0.0
01/22/1976,0.0
01/23/1976,0.0
01/24/1976,0.0
01/25/1976,0.0
01/26/1976,0.0
01/27/1976,0.0
01/28/1976,0.0
01/29/1976,0.0
01/30/1976,0.0
01/31/1976,0.0
02/01/1976,0.0
02/02/1976,0.0
02/03/1976,0.0
02/04/1976,0.0
02/05/1976,0.0
02/06/1976,0.0
02/07/1976,0.0
02/08/1976,0.0
02/09/1976,0.0
02/10/1976,0.0
02/11/1976,0.0
02/12/1976,0.0
02/13/1976,0.0
02/14/1976,0.0
02/15/1976,0.0
02/16/1976,0.0
02/17/1976,0.0
02/18/1976,0.0
02/19/1976,0.0
02/20/1976,0.0
02/21/1976,0.0
02/22/1976,0.0
02/23/1976,0.0
02/24/1976,0.0
02/25/1976,0.0
02/26/1976,0.0
02/27/1976,0.0
02/28/1976,0.0
02/29/1976,0.0
03/01/1976,
03/02/1976,
03/03/1976,
03/04/1976,
03/05/1976,
03/06/1976,
03/07/1976,
03/08/1976,
03/09/1976,
03/10/1976,
03/11/1976,
03/12/1976,
03/13/1976,
03/14/1976,
03/15/1976,
03/16/1976,
03/17/1976,
03/18/1976,
03/19/1976,
03/20/1976,
03/21/1976,
03/22/1976,
03/23/1976,
03/24/1976,
03/25/1976,
03/26/1976,
03/27/1976,
03/28/1976,
03/29/1976,
03/30/1976,
03/31/1976,
04/01/1976,
04/02/1976,
04/03/1976,
04/04/1976,
04/05/1976,
04/06/1976,
04/07/1976,
04/08/1976,
04/09/1976,
04/10/1976,
04/11/1976,
04/12/1976,
04/13/1976,
04/14/1976,
04/15/1976,
04/16/1976,
04/17/1976,
04/18/1976,
04/19/1976,
04/20/1976,
04/21/1976,
04/22/1976,
04/23/1976,
04/24/1976,
04/25/1976,
04/26/1976,
04/27/1976,
04/28/1976,
04/29/1976,
04/30/1976,
05/01/1976,
05/02/1976,
05/03/1976,
05/04/1976,
05/05/1976,
05/06/1976,
05/07/1976,
05/08/1976,
05/09/1976,
05/10/1976,
05/11/1976,
05/12/1976,
05/13/1976,
05/14/1976,
05/15/1976,
05/16/1976,
05/17/1976,
05/18/1976,
05/19/1976,
05/20/1976,
05/21/1976,
05/22/1976,
05/23/1976,
05/24/1976,
05/25/1976,
05/26/1976,
05/27/1976,
05/28/1976,
05/29/1976,
05/30/1976,
05/31/1976,
06/01/1976,
06/02/1976,
06/03/1976,
06/04/1976,
06/05/1976,
06/06/1976,
06/07/1976,
06/08/1976,
06/09/1976,
06/10/1976,
06/11/1976,
06/12/1976,
06/13/1976,
06/14/1976,
06/15/1976,
06/16/1976,
06/17/1976,
06/18/1976,
06/19/1976,
06/20/1976,
06/21/1976,
06/22/1976,
06/23/1976,
06/24/1976,
06/25/1976,
06/26/1976,
06/27/1976,
06/28/1976,
06/29/1976,
06/30/1976,
07/01/1976,1.415
07/02/1976,1.415
07/03/1976,1.415
07/04/1976,1.217
07/05/1976,1.132
07/06/1976,1.047
07/07/1976,0.962
07/08/1976,0.821
07/09/1976,0.821
07/10/1976,2.802
07/11/1976,2.802
07/12/1976,2.66
07/13/1976,2.66
07/14/1976,2.66
07/15/1976,2.66
07/16/1976,2.66
07/17/1976,2.66
07/18/1976,2.66
07/19/1976,2.66
07/20/1976,2.66
07/21/1976,2.66
07/22/1976,2.66
07/23/1976,2.802
07/24/1976,0.821
07/25/1976,1.698
07/26/1976,4.5
07/27/1976,6.877
07/28/1976,2.66
07/29/1976,1.811
07/30/1976,2.292
07/31/1976,2.292
08/01/1976,2.151
08/02/1976,1.868
08/03/1976,4.075
08/04/1976,3.538
08/05/1976,5.235
08/06/1976,6.028
08/07/1976,5.066
08/08/1976,4.5
08/09/1976,4.16
08/10/1976,5.066
08/11/1976,5.434
08/12/1976,6.028
08/13/1976,4.5
08/14/1976,3.849
08/15/1976,8.264
08/16/1976,8.518
08/17/1976,6.877
08/18/1976,5.632
08/19/1976,4.868
08/20/1976,12.622
08/21/1976,48.11
08/22/1976,38.686
08/23/1976,60.788
08/24/1976,39.79
08/25/1976,29.545
08/26/1976,32.46
08/27/1976,33.451
08/28/1976,28.611
08/29/1976,22.951
08/30/1976,19.385
08/31/1976,15.82
09/01/1976,14.49
09/02/1976,18.65
09/03/1976,14.49
09/04/1976,11.745
09/05/1976,10.613
09/06/1976,10.33
09/07/1976,12.028
09/08/1976,10.613
09/09/1976,11.433
09/10/1976,11.15
09/11/1976,16.499
09/12/1976,23.347
09/13/1976,24.197
09/14/1976,21.338
09/15/1976,22.951
09/16/1976,20.15
09/17/1976,14.49
09/18/1976,12.933
09/19/1976,15.48
09/20/1976,15.82
09/21/1976,16.867
09/22/1976,20.546
09/23/1976,30.026
09/24/1976,54.138
09/25/1976,50.317
09/26/1976,62.175
09/27/1976,70.835
09/28/1976,80.032
09/29/1976,68.628
09/30/1976,62.883
10/01/1976,45.45
10/02/1976,31.47
10/03/1976,22.527
10/04/1976,19.018
10/05/1976,17.206
10/06/1976,17.206
10/07/1976,18.282
10/08/1976,22.527
10/09/1976,17.206
10/10/1976,14.829
10/11/1976,
10/12/1976,
10/13/1976,
10/14/1976,
10/15/1976,
10/16/1976,
10/17/1976,
10/18/1976,
10/19/1976,
10/20/1976,
10/21/1976,
10/22/1976,
10/23/1976,
10/24/1976,
10/25/1976,
10/26/1976,
10/27/1976,
10/28/1976,
10/29/1976,
10/30/1976,
10/31/1976,
11/01/1976,297.433
11/02/1976,260.926
11/03/1976,190.176
11/04/1976,122.907
11/05/1976,86.485
11/06/1976,70.099
11/07/1976,69.363
11/08/1976,62.175
11/09/1976,66.448
11/10/1976,47.855
11/11/1976,41.459
11/12/1976,34.979
11/13/1976,30.507
11/14/1976,26.8
11/15/1976,24.621
11/16/1976,21.734
11/17/1976,20.15
11/18/1976,18.65
11/19/1976,16.499
11/20/1976,15.141
11/21/1976,14.829
11/22/1976,13.839
11/23/1976,13.839
11/24/1976,13.216
11/25/1976,12.028
11/26/1976,10.867
11/27/1976,9.792
11/28/1976,9.254
11/29/1976,8.264
11/30/1976,6.028
12/01/1976,5.632
12/02/1976,5.632
12/03/1976,5.235
12/04/1976,5.235
12/05/1976,4.868
12/06/1976,4.5
12/07/1976,4.5
12/08/1976,4.217
12/09/1976,3.849
12/10/1976,3.538
12/11/1976,3.538
12/12/1976,4.075
12/13/1976,2.943
12/14/1976,2.943
12/15/1976,2.943
12/16/1976,2.66
12/17/1976,2.405
12/18/1976,2.292
12/19/1976,2.151
12/20/1976,2.151
12/21/1976,1.924
12/22/1976,1.698
12/23/1976,1.698
12/24/1976,1.698
12/25/1976,1.698
12/26/1976,1.5
12/27/1976,1.5
12/28/1976,1.5
12/29/1976,1.302
12/30/1976,1.302
12/31/1976,1.302
01/01/1977,1.302
01/02/1977,1.302
01/03/1977,1.132
01/04/1977,1.132
01/05/1977,0.962
01/06/1977,0.962
01/07/1977,0.962
01/08/1977,0.821
01/09/1977,
01/10/1977,
01/11/1977,
01/12/1977,
01/13/1977,
01/14/1977,0.764
01/15/1977,0.764
01/16/1977,0.679
01/17/1977,0.679
01/18/1977,0.679
01/19/1977,0.679
01/20/1977,0.623
01/21/1977,0.566
01/22/1977,0.566
01/23/1977,0.566
01/24/1977,0.566
01/25/1977,0.566
01/26/1977,0.509
01/27/1977,0.509
01/28/1977,0.509
01/29/1977,0.509
01/30/1977,0.453
01/31/1977,0.453
02/01/1977,0.453
02/02/1977,0.453
02/03/1977,0.453
02/04/1977,0.396
02/05/1977,0.396
02/06/1977,0.34
02/07/1977,0.34
02/08/1977,0.34
02/09/1977,0.34
02/10/1977,0.34
02/11/1977,0.34
02/12/1977,0.34
02/13/1977,0.311
02/14/1977,0.255
02/15/1977,0.255
02/16/1977,0.255
02/17/1977,0.255
02/18/1977,0.255
02/19/1977,0.226
02/20/1977,0.226
02/21/1977,0.198
02/22/1977,
02/23/1977,
02/24/1977,
02/25/1977,
02/26/1977,
02/27/1977,
02/28/1977,
03/01/1977,
03/02/1977,
03/03/1977,
03/04/1977,
03/05/1977,
03/06/1977,
03/07/1977,
03/08/1977,
03/09/1977,
03/10/1977,
03/11/1977,
03/12/1977,
03/13/1977,
03/14/1977,
03/15/1977,
03/16/1977,
03/17/1977,0.113
03/18/1977,0.113
03/19/1977,0.113
03/20/1977,0.113
03/21/1977,0.113
03/22/1977,0.113
03/23/1977,0.113
03/24/1977,0.113
03/25/1977,0.113
03/26/1977,0.113
03/27/1977,0.085
03/28/1977,0.085
03/29/1977,0.085
03/30/1977,0.085
03/31/1977,0.085
04/01/1977,
04/02/1977,
04/03/1977,
04/04/1977,
04/05/1977,
04/06/1977,
04/07/1977,
04/08/1977,
04/09/1977,
04/10/1977,
04/11/1977,
04/12/1977,
04/13/1977,
04/14/1977,
04/15/1977,
04/16/1977,
04/17/1977,
04/18/1977,
04/19/1977,
04/20/1977,
04/21/1977,
04/22/1977,
04/23/1977,
04/24/1977,
04/25/1977,
04/26/1977,
04/27/1977,
04/28/1977,
04/29/1977,
04/30/1977,
05/01/1977,
05/02/1977,
05/03/1977,
05/04/1977,
05/05/1977,
05/06/1977,
05/07/1977,
05/08/1977,
05/09/1977,
05/10/1977,
05/11/1977,
05/12/1977,
05/13/1977,
05/14/1977,
05/15/1977,
05/16/1977,
05/17/1977,
05/18/1977,
05/19/1977,
05/20/1977,
05/21/1977,
05/22/1977,
05/23/1977,
05/24/1977,
05/25/1977,
05/26/1977,
05/27/1977,
05/28/1977,
05/29/1977,
05/30/1977,
05/31/1977,
06/01/1977,
06/02/1977,
06/03/1977,
06/04/1977,
06/05/1977,
06/06/1977,
06/07/1977,
06/08/1977,
06/09/1977,
06/10/1977,
06/11/1977,
06/12/1977,
06/13/1977,
06/14/1977,
06/15/1977,
06/16/1977,
06/17/1977,
06/18/1977,
06/19/1977,
06/20/1977,
06/21/1977,
06/22/1977,
06/23/1977,
06/24/1977,
06/25/1977,
06/26/1977,
06/27/1977,
06/28/1977,
06/29/1977,
06/30/1977,
07/01/1977,
07/02/1977,
07/03/1977,
07/04/1977,
07/05/1977,
07/06/1977,
07/07/1977,
07/08/1977,
07/09/1977,
07/10/1977,
07/11/1977,
07/12/1977,
07/13/1977,
07/14/1977,
07/15/1977,
07/16/1977,
07/17/1977,
07/18/1977,
07/19/1977,
07/20/1977,
07/21/1977,
07/22/1977,
07/23/1977,
07/24/1977,
07/25/1977,
07/26/1977,
07/27/1977,
07/28/1977,
07/29/1977,
07/30/1977,
07/31/1977,
08/01/1977,
08/02/1977,
08/03/1977,
08/04/1977,
08/05/1977,
08/06/1977,
08/07/1977,
08/08/1977,
08/09/1977,
08/10/1977,
08/11/1977,
08/12/1977,
08/13/1977,
08/14/1977,
08/15/1977,
08/16/1977,
08/17/1977,
08/18/1977,
08/19/1977,
08/20/1977,
08/21/1977,
08/22/1977,
08/23/1977,
08/24/1977,
08/25/1977,
08/26/1977,
08/27/1977,
08/28/1977,
08/29/1977,
08/30/1977,
08/31/1977,
09/01/1977,
09/02/1977,
09/03/1977,
09/04/1977,
09/05/1977,
09/06/1977,
09/07/1977,
09/08/1977,
09/09/1977,
09/10/1977,
09/11/1977,
09/12/1977,
09/13/1977,
09/14/1977,
09/15/1977,
09/16/1977,
09/17/1977,
09/18/1977,
09/19/1977,
09/20/1977,
09/21/1977,
09/22/1977,
09/23/1977,
09/24/1977,
09/25/1977,
09/26/1977,
09/27/1977,
09/28/1977,
09/29/1977,
09/30/1977,
10/01/1977,
10/02/1977,
10/03/1977,
10/04/1977,
10/05/1977,
10/06/1977,
10/07/1977,
10/08/1977,
10/09/1977,
10/10/1977,
10/11/1977,
10/12/1977,
10/13/1977,
10/14/1977,
10/15/1977,
10/16/1977,
10/17/1977,
10/18/1977,
10/19/1977,
10/20/1977,
10/21/1977,
10/22/1977,
10/23/1977,
10/24/1977,
10/25/1977,
10/26/1977,
10/27/1977,
10/28/1977,
10/29/1977,
10/30/1977,
10/31/1977,
11/01/1977,
11/02/1977,
11/03/1977,
11/04/1977,
11/05/1977,
11/06/1977,
11/07/1977,
11/08/1977,
11/09/1977,
11/10/1977,
11/11/1977,
11/12/1977,
11/13/1977,
11/14/1977,
11/15/1977,
11/16/1977,
11/17/1977,
11/18/1977,
11/19/1977,
11/20/1977,
11/21/1977,
11/22/1977,
11/23/1977,
11/24/1977,
11/25/1977,
11/26/1977,
11/27/1977,
11/28/1977,
11/29/1977,
11/30/1977,
12/01/1977,
12/02/1977,
12/03/1977,
12/04/1977,
12/05/1977,
12/06/1977,
12/07/1977,
12/08/1977,
12/09/1977,
12/10/1977,
12/11/1977,
12/12/1977,
12/13/1977,
12/14/1977,
12/15/1977,
12/16/1977,
12/17/1977,
12/18/1977,
12/19/1977,
12/20/1977,
12/21/1977,
12/22/1977,
12/23/1977,
12/24/1977,
12/25/1977,
12/26/1977,
12/27/1977,
12/28/1977,
12/29/1977,
12/30/1977,
12/31/1977,
01/01/1978,
01/02/1978,
01/03/1978,
01/04/1978,
01/05/1978,
01/06/1978,
01/07/1978,
01/08/1978,
01/09/1978,
01/10/1978,
01/11/1978,
01/12/1978,
01/13/1978,
01/14/1978,
01/15/1978,
01/16/1978,
01/17/1978,
01/18/1978,
01/19/1978,
01/20/1978,
01/21/1978,
01/22/1978,
01/23/1978,
01/24/1978,
01/25/1978,
01/26/1978,
01/27/1978,
01/28/1978,
01/29/1978,
01/30/1978,
01/31/1978,
02/01/1978,
02/02/1978,
02/03/1978,
02/04/1978,
02/05/1978,
02/06/1978,
02/07/1978,
02/08/1978,
02/09/1978,
02/10/1978,
02/11/1978,
02/12/1978,
02/13/1978,
02/14/1978,
02/15/1978,
02/16/1978,
02/17/1978,
02/18/1978,
02/19/1978,
02/20/1978,
02/21/1978,
02/22/1978,
02/23/1978,
02/24/1978,
02/25/1978,
02/26/1978,
02/27/1978,
02/28/1978,
03/01/1978,
03/02/1978,
03/03/1978,
03/04/1978,
03/05/1978,
03/06/1978,
03/07/1978,
03/08/1978,
03/09/1978,
03/10/1978,
03/11/1978,
03/12/1978,
03/13/1978,
03/14/1978,
03/15/1978,
03/16/1978,
03/17/1978,
03/18/1978,
03/19/1978,
03/20/1978,
03/21/1978,
03/22/1978,
03/23/1978,
03/24/1978,
03/25/1978,
03/26/1978,
03/27/1978,
03/28/1978,
03/29/1978,
03/30/1978,
03/31/1978,
04/01/1978,
04/02/1978,
04/03/1978,
04/04/1978,
04/05/1978,
04/06/1978,
04/07/1978,
04/08/1978,
04/09/1978,
04/10/1978,
04/11/1978,
04/12/1978,
04/13/1978,
04/14/1978,
04/15/1978,
04/16/1978,
04/17/1978,
04/18/1978,
04/19/1978,
04/20/1978,
04/21/1978,
04/22/1978,
04/23/1978,
04/24/1978,
04/25/1978,
04/26/1978,
04/27/1978,
04/28/1978,
04/29/1978,
04/30/1978,
05/01/1978,
05/02/1978,
05/03/1978,
05/04/1978,
05/05/1978,
05/06/1978,
05/07/1978,
05/08/1978,
05/09/1978,
05/10/1978,0.141
05/11/1978,0.141
05/12/1978,0.141
05/13/1978,0.141
05/14/1978,0.141
05/15/1978,0.141
05/16/1978,0.141
05/17/1978,0.085
05/18/1978,0.085
05/19/1978,0.057
05/20/1978,0.057
05/21/1978,0.057
05/22/1978,0.057
05/23/1978,0.057
05/24/1978,0.057
05/25/1978,0.057
05/26/1978,0.057
05/27/1978,0.057
05/28/1978,0.057
05/29/1978,0.057
05/30/1978,0.057
05/31/1978,0.057
06/01/1978,0.198
06/02/1978,0.198
06/03/1978,0.198
06/04/1978,0.198
06/05/1978,0.34
06/06/1978,0.34
06/07/1978,0.453
06/08/1978,0.453
06/09/1978,0.566
06/10/1978,0.566
06/11/1978,0.453
06/12/1978,0.34
06/13/1978,0.34
06/14/1978,0.255
06/15/1978,0.198
06/16/1978,0.198
06/17/1978,0.141
06/18/1978,0.141
06/19/1978,0.34
06/20/1978,0.113
06/21/1978,0.085
06/22/1978,4.5
06/23/1978,4.16
06/24/1978,2.66
06/25/1978,2.151
06/26/1978,1.698
06/27/1978,1.5
06/28/1978,1.5
06/29/1978,1.302
06/30/1978,1.302
07/01/1978,1.132
07/02/1978,1.302
07/03/1978,1.5
07/04/1978,1.924
07/05/1978,2.943
07/06/1978,4.16
07/07/1978,6.028
07/08/1978,6.452
07/09/1978,6.452
07/10/1978,6.028
07/11/1978,5.235
07/12/1978,4.868
07/13/1978,4.5
07/14/1978,4.5
07/15/1978,5.632
07/16/1978,11.433
07/17/1978,14.49
07/18/1978,17.206
07/19/1978,18.65
07/20/1978,18.65
07/21/1978,19.385
07/22/1978,20.942
07/23/1978,20.942
07/24/1978,20.15
07/25/1978,19.782
07/26/1978,24.197
07/27/1978,31.47
07/28/1978,37.582
07/29/1978,39.79
07/30/1978,40.894
07/31/1978,40.894
08/01/1978,
08/02/1978,
08/03/1978,12.622
08/04/1978,11.433
08/05/1978,10.33
08/06/1978,9.254
08/07/1978,8.264
08/08/1978,7.783
08/09/1978,7.783
08/10/1978,7.33
08/11/1978,7.33
08/12/1978,7.33
08/13/1978,8.264
08/14/1978,8.264
08/15/1978,8.264
08/16/1978,9.254
08/17/1978,11.433
08/18/1978,15.82
08/19/1978,16.499
08/20/1978,16.499
08/21/1978,15.141
08/22/1978,15.82
08/23/1978,16.499
08/24/1978,17.206
08/25/1978,18.65
08/26/1978,19.385
08/27/1978,20.15
08/28/1978,20.15
08/29/1978,20.15
08/30/1978,19.385
08/31/1978,19.385
09/01/1978,
09/02/1978,
09/03/1978,80.032
09/04/1978,80.032
09/05/1978,81.617
09/06/1978,81.617
09/07/1978,83.23
09/08/1978,83.23
09/09/1978,86.485
09/10/1978,86.485
09/11/1978,88.155
09/12/1978,88.155
09/13/1978,88.155
09/14/1978,91.522
09/15/1978,91.522
09/16/1978,91.522
09/17/1978,91.522
09/18/1978,91.522
09/19/1978,91.522
09/20/1978,91.522
09/21/1978,91.522
09/22/1978,93.249
09/23/1978,93.249
09/24/1978,93.249
09/25/1978,95.003
09/26/1978,95.003
09/27/1978,95.003
09/28/1978,
09/29/1978,
09/30/1978,
10/01/1978,26.8
10/02/1978,27.706
10/03/1978,28.611
10/04/1978,27.706
10/05/1978,25.045
10/06/1978,23.347
10/07/1978,20.15
10/08/1978,18.65
10/09/1978,17.914
10/10/1978,17.206
10/11/1978,15.141
10/12/1978,13.839
10/13/1978,12.933
10/14/1978,12.028
10/15/1978,10.867
10/16/1978,10.33
10/17/1978,9.254
10/18/1978,8.745
10/19/1978,8.264
10/20/1978,7.33
10/21/1978,6.877
10/22/1978,6.452
10/23/1978,6.028
10/24/1978,5.632
10/25/1978,5.235
10/26/1978,4.868
10/27/1978,4.5
10/28/1978,4.16
10/29/1978,3.849
10/30/1978,
10/31/1978,
11/01/1978,
11/02/1978,
11/03/1978,2.405
11/04/1978,2.151
11/05/1978,2.151
11/06/1978,1.924
11/07/1978,1.698
11/08/1978,1.698
11/09/1978,1.5
11/10/1978,1.5
11/11/1978,1.302
11/12/1978,1.302
11/13/1978,1.302
11/14/1978,1.132
11/15/1978,1.132
11/16/1978,1.132
11/17/1978,0.962
11/18/1978,0.962
11/19/1978,0.962
11/20/1978,0.962
11/21/1978,0.962
11/22/1978,0.962
11/23/1978,0.962
11/24/1978,0.962
11/25/1978,0.962
11/26/1978,0.962
11/27/1978,0.962
11/28/1978,0.962
11/29/1978,
11/30/1978,
12/01/1978,0.821
12/02/1978,0.821
12/03/1978,0.821
12/04/1978,0.679
12/05/1978,0.679
12/06/1978,0.679
12/07/1978,0.566
12/08/1978,0.566
12/09/1978,0.566
12/10/1978,0.453
12/11/1978,0.453
12/12/1978,0.453
12/13/1978,0.453
12/14/1978,0.453
12/15/1978,0.34
12/16/1978,0.34
12/17/1978,0.34
12/18/1978,0.34
12/19/1978,0.34
12/20/1978,0.34
12/21/1978,0.255
12/22/1978,0.255
12/23/1978,0.255
12/24/1978,0.255
12/25/1978,0.255
12/26/1978,0.255
12/27/1978,0.198
12/28/1978,0.198
12/29/1978,0.198
12/30/1978,0.198
12/31/1978,0.198
01/01/1979,0.198
01/02/1979,0.198
01/03/1979,0.198
01/04/1979,0.198
01/05/1979,0.141
01/06/1979,0.141
01/07/1979,0.141
01/08/1979,0.141
01/09/1979,0.141
01/10/1979,0.141
01/11/1979,0.141
01/12/1979,0.085
01/13/1979,0.085
01/14/1979,0.085
01/15/1979,0.085
01/16/1979,0.085
01/17/1979,0.085
01/18/1979,0.085
01/19/1979,0.085
01/20/1979,0.085
01/21/1979,0.085
01/22/1979,0.085
01/23/1979,0.085
01/24/1979,0.085
01/25/1979,0.057
01/26/1979,0.057
01/27/1979,0.057
01/28/1979,0.057
01/29/1979,0.057
01/30/1979,0.057
01/31/1979,0.057
02/01/1979,0.057
02/02/1979,0.057
02/03/1979,0.057
02/04/1979,0.057
02/05/1979,0.057
02/06/1979,0.028
02/07/1979,0.028
02/08/1979,0.028
02/09/1979,0.028
02/10/1979,0.028
02/11/1979,0.028
02/12/1979,0.028
02/13/1979,0.0
02/14/1979,0.0
02/15/1979,0.0
02/16/1979,0.0
02/17/1979,0.0
02/18/1979,0.0
02/19/1979,0.0
02/20/1979,0.0
02/21/1979,0.0
02/22/1979,0.0
02/23/1979,0.0
02/24/1979,0.0
02/25/1979,0.0
02/26/1979,0.0
02/27/1979,0.0
02/28/1979,0.0
03/01/1979,0.0
03/02/1979,0.0
03/03/1979,0.0
03/04/1979,0.0
03/05/1979,0.0
03/06/1979,0.0
03/07/1979,0.0
03/08/1979,0.0
03/09/1979,0.0
03/10/1979,0.0
03/11/1979,0.0
03/12/1979,0.0
03/13/1979,0.0
03/14/1979,0.0
03/15/1979,0.0
03/16/1979,0.0
03/17/1979,0.0
03/18/1979,0.0
03/19/1979,0.0
03/20/1979,0.0
03/21/1979,0.0
03/22/1979,0.0
03/23/1979,0.0
03/24/1979,0.0
03/25/1979,0.0
03/26/1979,0.0
03/27/1979,0.0
03/28/1979,0.0
03/29/1979,0.0
03/30/1979,0.0
03/31/1979,0.0
04/01/1979,0.0
04/02/1979,0.0
04/03/1979,0.0
04/04/1979,0.0
04/05/1979,0.0
04/06/1979,0.0
04/07/1979,0.0
04/08/1979,0.0
04/09/1979,0.0
04/10/1979,0.0
04/11/1979,0.0
04/12/1979,0.0
04/13/1979,0.0
04/14/1979,0.0
04/15/1979,0.0
04/16/1979,0.0
04/17/1979,0.0
04/18/1979,0.0
04/19/1979,0.0
04/20/1979,0.0
04/21/1979,0.0
04/22/1979,0.0
04/23/1979,0.0
04/24/1979,0.0
04/25/1979,0.0
04/26/1979,0.0
04/27/1979,0.0
04/28/1979,0.0
04/29/1979,
04/30/1979,
05/01/1979,0.0
05/02/1979,0.0
05/03/1979,0.0
05/04/1979,0.198
05/05/1979,0.821
05/06/1979,
05/07/1979,
05/08/1979,
05/09/1979,22.527
05/10/1979,27.253
05/11/1979,30.507
05/12/1979,33.054
05/13/1979,33.96
05/14/1979,36.62
05/15/1979,25.923
05/16/1979,30.507
05/17/1979,23.093
05/18/1979,20.263
05/19/1979,20.15
05/20/1979,17.206
05/21/1979,10.613
05/22/1979,7.783
05/23/1979,6.028
05/24/1979,4.868
05/25/1979,3.538
05/26/1979,2.405
05/27/1979,1.698
05/28/1979,1.217
05/29/1979,1.302
05/30/1979,1.132
05/31/1979,0.962
06/01/1979,0.962
06/02/1979,1.217
06/03/1979,1.415
06/04/1979,1.5
06/05/1979,2.547
06/06/1979,4.868
06/07/1979,8.264
06/08/1979,13.216
06/09/1979,17.914
06/10/1979,22.527
06/11/1979,25.895
06/12/1979,26.8
06/13/1979,26.376
06/14/1979,24.197
06/15/1979,22.527
06/16/1979,19.385
06/17/1979,12.028
06/18/1979,9.792
06/19/1979,8.264
06/20/1979,6.877
06/21/1979,6.028
06/22/1979,6.452
06/23/1979,7.783
06/24/1979,9.792
06/25/1979,11.433
06/26/1979,10.867
06/27/1979,9.254
06/28/1979,6.877
06/29/1979,3.226
06/30/1979,3.226
07/01/1979,9.254
07/02/1979,12.622
07/03/1979,16.499
07/04/1979,22.527
07/05/1979,29.545
07/06/1979,39.79
07/07/1979,51.591
07/08/1979,82.834
07/09/1979,76.891
07/10/1979,86.485
07/11/1979,93.249
07/12/1979,100.295
07/13/1979,105.729
07/14/1979,109.436
07/15/1979,109.436
07/16/1979,110.37
07/17/1979,110.37
07/18/1979,111.304
07/19/1979,111.304
07/20/1979,113.2
07/21/1979,113.2
07/22/1979,115.096
07/23/1979,115.096
07/24/1979,115.096
07/25/1979,117.021
07/26/1979,117.021
07/27/1979,117.021
07/28/1979,118.973
07/29/1979,118.973
07/30/1979,118.973
07/31/1979,118.973
08/01/1979,
08/02/1979,
08/03/1979,
08/04/1979,
08/05/1979,
08/06/1979,
08/07/1979,
08/08/1979,
08/09/1979,
08/10/1979,
08/11/1979,
08/12/1979,
08/13/1979,
08/14/1979,
08/15/1979,
08/16/1979,
08/17/1979,
08/18/1979,
08/19/1979,
08/20/1979,
08/21/1979,
08/22/1979,
08/23/1979,
08/24/1979,
08/25/1979,
08/26/1979,
08/27/1979,
08/28/1979,
08/29/1979,
08/30/1979,
08/31/1979,
09/01/1979,
09/02/1979,
09/03/1979,
09/04/1979,
09/05/1979,
09/06/1979,
09/07/1979,
09/08/1979,
09/09/1979,
09/10/1979,
09/11/1979,
09/12/1979,
09/13/1979,
09/14/1979,
09/15/1979,
09/16/1979,
09/17/1979,
09/18/1979,
09/19/1979,
09/20/1979,
09/21/1979,
09/22/1979,
09/23/1979,
09/24/1979,
09/25/1979,
09/26/1979,
09/27/1979,
09/28/1979,
09/29/1979,
09/30/1979,
10/01/1979,
10/02/1979,
10/03/1979,
10/04/1979,
10/05/1979,
10/06/1979,
10/07/1979,
10/08/1979,
10/09/1979,
10/10/1979,
10/11/1979,
10/12/1979,
10/13/1979,
10/14/1979,
10/15/1979,
10/16/1979,
10/17/1979,
10/18/1979,
10/19/1979,
10/20/1979,
10/21/1979,
10/22/1979,
10/23/1979,
10/24/1979,
10/25/1979,
10/26/1979,
10/27/1979,
10/28/1979,
10/29/1979,
10/30/1979,
10/31/1979,
11/01/1979,
11/02/1979,
11/03/1979,
11/04/1979,
11/05/1979,
11/06/1979,
11/07/1979,
11/08/1979,
11/09/1979,
11/10/1979,
11/11/1979,
11/12/1979,
11/13/1979,
11/14/1979,
11/15/1979,
11/16/1979,
11/17/1979,
11/18/1979,
11/19/1979,
11/20/1979,
11/21/1979,
11/22/1979,
11/23/1979,
11/24/1979,
11/25/1979,
11/26/1979,
11/27/1979,
11/28/1979,
11/29/1979,
11/30/1979,
12/01/1979,
12/02/1979,
12/03/1979,
12/04/1979,
12/05/1979,
12/06/1979,
12/07/1979,
12/08/1979,
12/09/1979,
12/10/1979,
12/11/1979,
12/12/1979,
12/13/1979,
12/14/1979,
12/15/1979,
12/16/1979,
12/17/1979,
12/18/1979,
12/19/1979,
12/20/1979,
12/21/1979,
12/22/1979,
12/23/1979,
12/24/1979,
12/25/1979,
12/26/1979,
12/27/1979,
12/28/1979,
12/29/1979,
12/30/1979,
12/31/1979,
01/01/1980,
01/02/1980,
01/03/1980,
01/04/1980,
01/05/1980,
01/06/1980,
01/07/1980,
01/08/1980,
01/09/1980,
01/10/1980,
01/11/1980,
01/12/1980,
01/13/1980,
01/14/1980,
01/15/1980,
01/16/1980,
01/17/1980,
01/18/1980,
01/19/1980,
01/20/1980,
01/21/1980,
01/22/1980,
01/23/1980,
01/24/1980,
01/25/1980,
01/26/1980,
01/27/1980,
01/28/1980,
01/29/1980,
01/30/1980,
01/31/1980,
02/01/1980,
02/02/1980,
02/03/1980,
02/04/1980,
02/05/1980,
02/06/1980,
02/07/1980,0.141
02/08/1980,0.141
02/09/1980,0.141
02/10/1980,0.141
02/11/1980,0.085
02/12/1980,0.085
02/13/1980,0.085
02/14/1980,0.085
02/15/1980,0.085
02/16/1980,0.085
02/17/1980,0.085
02/18/1980,0.057
02/19/1980,0.057
02/20/1980,0.057
02/21/1980,0.057
02/22/1980,0.028
02/23/1980,0.028
02/24/1980,0.028
02/25/1980,0.028
02/26/1980,0.028
02/27/1980,0.028
02/28/1980,0.028
02/29/1980,0.028
03/01/1980,0.013
03/02/1980,0.013
03/03/1980,0.006
03/04/1980,0.006
03/05/1980,0.006
03/06/1980,0.006
03/07/1980,0.006
03/08/1980,0.006
03/09/1980,
03/10/1980,
03/11/1980,
03/12/1980,
03/13/1980,
03/14/1980,
03/15/1980,
03/16/1980,
03/17/1980,
03/18/1980,
03/19/1980,
03/20/1980,
03/21/1980,
03/22/1980,
03/23/1980,
03/24/1980,
03/25/1980,
03/26/1980,
03/27/1980,
03/28/1980,
03/29/1980,
03/30/1980,
03/31/1980,
04/01/1980,0.006
04/02/1980,0.006
04/03/1980,0.006
04/04/1980,0.006
04/05/1980,0.006
04/06/1980,0.006
04/07/1980,0.006
04/08/1980,0.006
04/09/1980,0.006
04/10/1980,0.006
04/11/1980,0.006
04/12/1980,0.006
04/13/1980,0.006
04/14/1980,0.006
04/15/1980,0.006
04/16/1980,0.006
04/17/1980,0.003
04/18/1980,0.003
04/19/1980,0.003
04/20/1980,0.003
04/21/1980,0.003
04/22/1980,0.003
04/23/1980,0.003
04/24/1980,
04/25/1980,
04/26/1980,
04/27/1980,
04/28/1980,
04/29/1980,
04/30/1980,
05/01/1980,
05/02/1980,
05/03/1980,
05/04/1980,
05/05/1980,
05/06/1980,
05/07/1980,
05/08/1980,
05/09/1980,
05/10/1980,
05/11/1980,
05/12/1980,
05/13/1980,
05/14/1980,
05/15/1980,
05/16/1980,
05/17/1980,
05/18/1980,
05/19/1980,
05/20/1980,
05/21/1980,
05/22/1980,
05/23/1980,
05/24/1980,
05/25/1980,
05/26/1980,
05/27/1980,
05/28/1980,
05/29/1980,
05/30/1980,
05/31/1980,
06/01/1980,
06/02/1980,
06/03/1980,
06/04/1980,
06/05/1980,
06/06/1980,
06/07/1980,
06/08/1980,
06/09/1980,
06/10/1980,
06/11/1980,
06/12/1980,
06/13/1980,
06/14/1980,
06/15/1980,
06/16/1980,
06/17/1980,
06/18/1980,
06/19/1980,
06/20/1980,
06/21/1980,
06/22/1980,
06/23/1980,
06/24/1980,
06/25/1980,
06/26/1980,
06/27/1980,
06/28/1980,
06/29/1980,
06/30/1980,
07/01/1980,
07/02/1980,
07/03/1980,
07/04/1980,
07/05/1980,
07/06/1980,
07/07/1980,
07/08/1980,
07/09/1980,
07/10/1980,
07/11/1980,
07/12/1980,
07/13/1980,
07/14/1980,
07/15/1980,
07/16/1980,
07/17/1980,
07/18/1980,
07/19/1980,
07/20/1980,
07/21/1980,
07/22/1980,
07/23/1980,
07/24/1980,
07/25/1980,
07/26/1980,
07/27/1980,
07/28/1980,
07/29/1980,
07/30/1980,
07/31/1980,
08/01/1980,
08/02/1980,
08/03/1980,
08/04/1980,
08/05/1980,
08/06/1980,
08/07/1980,
08/08/1980,
08/09/1980,
08/10/1980,
08/11/1980,
08/12/1980,
08/13/1980,
08/14/1980,
08/15/1980,
08/16/1980,
08/17/1980,
08/18/1980,
08/19/1980,
08/20/1980,
08/21/1980,
08/22/1980,
08/23/1980,
08/24/1980,
08/25/1980,
08/26/1980,
08/27/1980,
08/28/1980,
08/29/1980,
08/30/1980,
08/31/1980,
09/01/1980,
09/02/1980,
09/03/1980,
09/04/1980,
09/05/1980,
09/06/1980,
09/07/1980,
09/08/1980,
09/09/1980,
09/10/1980,
09/11/1980,
09/12/1980,
09/13/1980,
09/14/1980,
09/15/1980,
09/16/1980,
09/17/1980,
09/18/1980,
09/19/1980,
09/20/1980,
09/21/1980,
09/22/1980,
09/23/1980,
09/24/1980,
09/25/1980,
09/26/1980,
09/27/1980,
09/28/1980,
09/29/1980,
09/30/1980,
10/01/1980,
10/02/1980,
10/03/1980,
10/04/1980,
10/05/1980,
10/06/1980,
10/07/1980,
10/08/1980,
10/09/1980,
10/10/1980,
10/11/1980,
10/12/1980,
10/13/1980,
10/14/1980,
10/15/1980,
10/16/1980,
10/17/1980,
10/18/1980,
10/19/1980,
10/20/1980,
10/21/1980,
10/22/1980,
10/23/1980,
10/24/1980,
10/25/1980,
10/26/1980,
10/27/1980,
10/28/1980,
10/29/1980,
10/30/1980,
10/31/1980,
11/01/1980,
11/02/1980,
11/03/1980,
11/04/1980,
11/05/1980,
11/06/1980,
11/07/1980,
11/08/1980,
11/09/1980,
11/10/1980,
11/11/1980,
11/12/1980,
11/13/1980,
11/14/1980,
11/15/1980,
11/16/1980,
11/17/1980,
11/18/1980,
11/19/1980,
11/20/1980,
11/21/1980,
11/22/1980,
11/23/1980,
11/24/1980,
11/25/1980,
11/26/1980,
11/27/1980,
11/28/1980,
11/29/1980,
11/30/1980,
12/01/1980,
12/02/1980,
12/03/1980,
12/04/1980,
12/05/1980,
12/06/1980,
12/07/1980,
12/08/1980,
12/09/1980,
12/10/1980,
12/11/1980,
12/12/1980,
12/13/1980,
12/14/1980,
12/15/1980,
12/16/1980,
12/17/1980,
12/18/1980,
12/19/1980,
12/20/1980,
12/21/1980,
12/22/1980,
12/23/1980,
12/24/1980,
12/25/1980,
12/26/1980,
12/27/1980,
12/28/1980,
12/29/1980,
12/30/1980,
12/31/1980,
01/01/1981,
01/02/1981,
01/03/1981,
01/04/1981,
01/05/1981,
01/06/1981,
01/07/1981,
01/08/1981,
01/09/1981,
01/10/1981,
01/11/1981,
01/12/1981,
01/13/1981,
01/14/1981,
01/15/1981,
01/16/1981,
01/17/1981,
01/18/1981,
01/19/1981,
01/20/1981,
01/21/1981,
01/22/1981,
01/23/1981,
01/24/1981,
01/25/1981,
01/26/1981,
01/27/1981,
01/28/1981,
01/29/1981,
01/30/1981,
01/31/1981,
02/01/1981,
02/02/1981,
02/03/1981,
02/04/1981,
02/05/1981,
02/06/1981,
02/07/1981,
02/08/1981,
02/09/1981,
02/10/1981,
02/11/1981,
02/12/1981,
02/13/1981,
02/14/1981,
02/15/1981,
02/16/1981,
02/17/1981,
02/18/1981,
02/19/1981,
02/20/1981,
02/21/1981,
02/22/1981,
02/23/1981,
02/24/1981,
02/25/1981,
02/26/1981,
02/27/1981,
02/28/1981,
03/01/1981,
03/02/1981,
03/03/1981,
03/04/1981,
03/05/1981,
03/06/1981,
03/07/1981,
03/08/1981,
03/09/1981,
03/10/1981,
03/11/1981,
03/12/1981,
03/13/1981,
03/14/1981,
03/15/1981,
03/16/1981,
03/17/1981,
03/18/1981,
03/19/1981,
03/20/1981,
03/21/1981,
03/22/1981,
03/23/1981,
03/24/1981,
03/25/1981,
03/26/1981,
03/27/1981,
03/28/1981,
03/29/1981,
03/30/1981,
03/31/1981,
04/01/1981,
04/02/1981,
04/03/1981,
04/04/1981,
04/05/1981,
04/06/1981,
04/07/1981,
04/08/1981,
04/09/1981,
04/10/1981,
04/11/1981,
04/12/1981,
04/13/1981,
04/14/1981,
04/15/1981,
04/16/1981,
04/17/1981,
04/18/1981,
04/19/1981,
04/20/1981,
04/21/1981,
04/22/1981,
04/23/1981,
04/24/1981,
04/25/1981,
04/26/1981,
04/27/1981,
04/28/1981,
04/29/1981,
04/30/1981,
05/01/1981,
05/02/1981,
05/03/1981,
05/04/1981,
05/05/1981,
05/06/1981,
05/07/1981,
05/08/1981,
05/09/1981,
05/10/1981,
05/11/1981,
05/12/1981,
05/13/1981,
05/14/1981,
05/15/1981,
05/16/1981,
05/17/1981,
05/18/1981,
05/19/1981,
05/20/1981,
05/21/1981,
05/22/1981,
05/23/1981,
05/24/1981,
05/25/1981,
05/26/1981,
05/27/1981,
05/28/1981,
05/29/1981,
05/30/1981,
05/31/1981,
06/01/1981,
06/02/1981,
06/03/1981,
06/04/1981,
06/05/1981,
06/06/1981,
06/07/1981,
06/08/1981,
06/09/1981,
06/10/1981,
06/11/1981,
06/12/1981,
06/13/1981,
06/14/1981,
06/15/1981,
06/16/1981,
06/17/1981,
06/18/1981,
06/19/1981,
06/20/1981,
06/21/1981,
06/22/1981,
06/23/1981,
06/24/1981,
06/25/1981,
06/26/1981,
06/27/1981,
06/28/1981,
06/29/1981,
06/30/1981,
07/01/1981,
07/02/1981,
07/03/1981,
07/04/1981,
07/05/1981,
07/06/1981,
07/07/1981,
07/08/1981,
07/09/1981,
07/10/1981,
07/11/1981,
07/12/1981,
07/13/1981,
07/14/1981,
07/15/1981,
07/16/1981,
07/17/1981,
07/18/1981,
07/19/1981,
07/20/1981,
07/21/1981,
07/22/1981,
07/23/1981,
07/24/1981,
07/25/1981,
07/26/1981,
07/27/1981,
07/28/1981,
07/29/1981,
07/30/1981,
07/31/1981,
08/01/1981,
08/02/1981,
08/03/1981,
08/04/1981,
08/05/1981,
08/06/1981,
08/07/1981,
08/08/1981,
08/09/1981,
08/10/1981,
08/11/1981,
08/12/1981,
08/13/1981,
08/14/1981,
08/15/1981,
08/16/1981,
08/17/1981,
08/18/1981,
08/19/1981,
08/20/1981,
08/21/1981,
08/22/1981,
08/23/1981,
08/24/1981,
08/25/1981,
08/26/1981,
08/27/1981,
08/28/1981,
08/29/1981,
08/30/1981,
08/31/1981,
09/01/1981,
09/02/1981,
09/03/1981,
09/04/1981,
09/05/1981,
09/06/1981,
09/07/1981,
09/08/1981,
09/09/1981,
09/10/1981,
09/11/1981,
09/12/1981,
09/13/1981,
09/14/1981,
09/15/1981,
09/16/1981,
09/17/1981,
09/18/1981,
09/19/1981,
09/20/1981,
09/21/1981,
09/22/1981,
09/23/1981,
09/24/1981,
09/25/1981,
09/26/1981,
09/27/1981,
09/28/1981,
09/29/1981,
09/30/1981,
10/01/1981,
10/02/1981,
10/03/1981,
10/04/1981,
10/05/1981,
10/06/1981,
10/07/1981,
10/08/1981,
10/09/1981,
10/10/1981,
10/11/1981,
10/12/1981,
10/13/1981,
10/14/1981,
10/15/1981,
10/16/1981,
10/17/1981,
10/18/1981,
10/19/1981,
10/20/1981,
10/21/1981,
10/22/1981,
10/23/1981,
10/24/1981,
10/25/1981,
10/26/1981,
10/27/1981,
10/28/1981,
10/29/1981,
10/30/1981,
10/31/1981,
11/01/1981,
11/02/1981,
11/03/1981,
11/04/1981,
11/05/1981,
11/06/1981,
11/07/1981,
11/08/1981,
11/09/1981,
11/10/1981,
11/11/1981,
11/12/1981,
11/13/1981,
11/14/1981,
11/15/1981,
11/16/1981,
11/17/1981,
11/18/1981,
11/19/1981,
11/20/1981,
11/21/1981,
11/22/1981,
11/23/1981,
11/24/1981,
11/25/1981,
11/26/1981,
11/27/1981,
11/28/1981,
11/29/1981,
11/30/1981,
12/01/1981,
12/02/1981,
12/03/1981,
12/04/1981,
12/05/1981,
12/06/1981,
12/07/1981,
12/08/1981,
12/09/1981,
12/10/1981,
12/11/1981,
12/12/1981,
12/13/1981,
12/14/1981,
12/15/1981,
12/16/1981,
12/17/1981,
12/18/1981,
12/19/1981,
12/20/1981,
12/21/1981,
12/22/1981,
12/23/1981,
12/24/1981,
12/25/1981,
12/26/1981,
12/27/1981,
12/28/1981,
12/29/1981,
12/30/1981,
12/31/1981,
01/01/1982,
01/02/1982,
01/03/1982,
01/04/1982,
01/05/1982,
01/06/1982,
01/07/1982,
01/08/1982,
01/09/1982,
01/10/1982,
01/11/1982,
01/12/1982,
01/13/1982,
01/14/1982,
01/15/1982,
01/16/1982,
01/17/1982,
01/18/1982,
01/19/1982,
01/20/1982,
01/21/1982,
01/22/1982,
01/23/1982,
01/24/1982,
01/25/1982,
01/26/1982,
01/27/1982,
01/28/1982,
01/29/1982,
01/30/1982,
01/31/1982,
02/01/1982,
02/02/1982,
02/03/1982,
02/04/1982,
02/05/1982,
02/06/1982,
02/07/1982,
02/08/1982,
02/09/1982,
02/10/1982,
02/11/1982,
02/12/1982,
02/13/1982,
02/14/1982,
02/15/1982,
02/16/1982,
02/17/1982,
02/18/1982,
02/19/1982,
02/20/1982,
02/21/1982,
02/22/1982,
02/23/1982,
02/24/1982,
02/25/1982,
02/26/1982,
02/27/1982,
02/28/1982,
03/01/1982,
03/02/1982,
03/03/1982,
03/04/1982,
03/05/1982,
03/06/1982,
03/07/1982,
03/08/1982,
03/09/1982,
03/10/1982,
03/11/1982,
03/12/1982,
03/13/1982,
03/14/1982,
03/15/1982,
03/16/1982,
03/17/1982,
03/18/1982,
03/19/1982,
03/20/1982,
03/21/1982,
03/22/1982,
03/23/1982,
03/24/1982,
03/25/1982,
03/26/1982,
03/27/1982,
03/28/1982,
03/29/1982,
03/30/1982,
03/31/1982,
04/01/1982,
04/02/1982,
04/03/1982,
04/04/1982,
04/05/1982,
04/06/1982,
04/07/1982,
04/08/1982,
04/09/1982,
04/10/1982,
04/11/1982,
04/12/1982,
04/13/1982,
04/14/1982,
04/15/1982,
04/16/1982,
04/17/1982,
04/18/1982,
04/19/1982,
04/20/1982,
04/21/1982,
04/22/1982,
04/23/1982,
04/24/1982,
04/25/1982,
04/26/1982,
04/27/1982,
04/28/1982,
04/29/1982,
04/30/1982,
05/01/1982,
05/02/1982,
05/03/1982,
05/04/1982,
05/05/1982,
05/06/1982,
05/07/1982,
05/08/1982,
05/09/1982,
05/10/1982,
05/11/1982,
05/12/1982,
05/13/1982,
05/14/1982,
05/15/1982,
05/16/1982,
05/17/1982,
05/18/1982,
05/19/1982,
05/20/1982,
05/21/1982,
05/22/1982,
05/23/1982,
05/24/1982,
05/25/1982,
05/26/1982,
05/27/1982,
05/28/1982,
05/29/1982,
05/30/1982,
05/31/1982,
06/01/1982,
06/02/1982,
06/03/1982,
06/04/1982,
06/05/1982,
06/06/1982,
06/07/1982,
06/08/1982,
06/09/1982,
06/10/1982,
06/11/1982,
06/12/1982,
06/13/1982,
06/14/1982,
06/15/1982,
06/16/1982,
06/17/1982,
06/18/1982,
06/19/1982,
06/20/1982,
06/21/1982,
06/22/1982,
06/23/1982,
06/24/1982,
06/25/1982,
06/26/1982,
06/27/1982,
06/28/1982,
06/29/1982,
06/30/1982,
07/01/1982,
07/02/1982,
07/03/1982,
07/04/1982,
07/05/1982,
07/06/1982,
07/07/1982,
07/08/1982,
07/09/1982,
07/10/1982,
07/11/1982,
07/12/1982,
07/13/1982,
07/14/1982,
07/15/1982,
07/16/1982,
07/17/1982,
07/18/1982,
07/19/1982,
07/20/1982,
07/21/1982,
07/22/1982,
07/23/1982,
07/24/1982,
07/25/1982,
07/26/1982,
07/27/1982,
07/28/1982,
07/29/1982,
07/30/1982,
07/31/1982,
08/01/1982,
08/02/1982,
08/03/1982,
08/04/1982,
08/05/1982,
08/06/1982,
08/07/1982,
08/08/1982,
08/09/1982,
08/10/1982,
08/11/1982,
08/12/1982,
08/13/1982,
08/14/1982,
08/15/1982,
08/16/1982,
08/17/1982,
08/18/1982,
08/19/1982,
08/20/1982,
08/21/1982,
08/22/1982,
08/23/1982,
08/24/1982,
08/25/1982,
08/26/1982,
08/27/1982,
08/28/1982,
08/29/1982,
08/30/1982,
08/31/1982,
09/01/1982,
09/02/1982,
09/03/1982,
09/04/1982,
09/05/1982,
09/06/1982,
09/07/1982,
09/08/1982,
09/09/1982,
09/10/1982,
09/11/1982,
09/12/1982,
09/13/1982,
09/14/1982,
09/15/1982,
09/16/1982,
09/17/1982,
09/18/1982,
09/19/1982,
09/20/1982,
09/21/1982,
09/22/1982,
09/23/1982,
09/24/1982,
09/25/1982,
09/26/1982,
09/27/1982,
09/28/1982,
09/29/1982,
09/30/1982,
10/01/1982,
10/02/1982,
10/03/1982,
10/04/1982,
10/05/1982,
10/06/1982,
10/07/1982,
10/08/1982,
10/09/1982,
10/10/1982,
10/11/1982,
10/12/1982,
10/13/1982,
10/14/1982,
10/15/1982,
10/16/1982,
10/17/1982,
10/18/1982,
10/19/1982,
10/20/1982,
10/21/1982,
10/22/1982,
10/23/1982,
10/24/1982,
10/25/1982,
10/26/1982,
10/27/1982,
10/28/1982,
10/29/1982,
10/30/1982,
10/31/1982,
11/01/1982,
11/02/1982,
11/03/1982,
11/04/1982,
11/05/1982,
11/06/1982,
11/07/1982,
11/08/1982,
11/09/1982,
11/10/1982,
11/11/1982,
11/12/1982,
11/13/1982,
11/14/1982,
11/15/1982,
11/16/1982,
11/17/1982,
11/18/1982,
11/19/1982,
11/20/1982,
11/21/1982,
11/22/1982,
11/23/1982,
11/24/1982,
11/25/1982,
11/26/1982,
11/27/1982,
11/28/1982,
11/29/1982,
11/30/1982,
12/01/1982,
12/02/1982,
12/03/1982,
12/04/1982,
12/05/1982,
12/06/1982,
12/07/1982,
12/08/1982,
12/09/1982,
12/10/1982,
12/11/1982,
12/12/1982,
12/13/1982,
12/14/1982,
12/15/1982,
12/16/1982,
12/17/1982,
12/18/1982,
12/19/1982,
12/20/1982,
12/21/1982,
12/22/1982,
12/23/1982,
12/24/1982,
12/25/1982,
12/26/1982,
12/27/1982,
12/28/1982,
12/29/1982,
12/30/1982,
12/31/1982,
01/01/1983,
01/02/1983,
01/03/1983,
01/04/1983,
01/05/1983,
01/06/1983,
01/07/1983,
01/08/1983,
01/09/1983,
01/10/1983,
01/11/1983,
01/12/1983,
01/13/1983,
01/14/1983,
01/15/1983,
01/16/1983,
01/17/1983,
01/18/1983,
01/19/1983,
01/20/1983,
01/21/1983,
01/22/1983,
01/23/1983,
01/24/1983,
01/25/1983,
01/26/1983,
01/27/1983,
01/28/1983,
01/29/1983,
01/30/1983,
01/31/1983,
02/01/1983,
02/02/1983,
02/03/1983,
02/04/1983,
02/05/1983,
02/06/1983,
02/07/1983,
02/08/1983,
02/09/1983,
02/10/1983,
02/11/1983,
02/12/1983,
02/13/1983,
02/14/1983,
02/15/1983,
02/16/1983,
02/17/1983,
02/18/1983,
02/19/1983,
02/20/1983,
02/21/1983,
02/22/1983,
02/23/1983,
02/24/1983,
02/25/1983,
02/26/1983,
02/27/1983,
02/28/1983,
03/01/1983,
03/02/1983,
03/03/1983,
03/04/1983,
03/05/1983,
03/06/1983,
03/07/1983,
03/08/1983,
03/09/1983,
03/10/1983,
03/11/1983,
03/12/1983,
03/13/1983,
03/14/1983,
03/15/1983,
03/16/1983,
03/17/1983,
03/18/1983,
03/19/1983,
03/20/1983,
03/21/1983,
03/22/1983,
03/23/1983,
03/24/1983,
03/25/1983,
03/26/1983,
03/27/1983,
03/28/1983,
03/29/1983,
03/30/1983,
03/31/1983,
04/01/1983,
04/02/1983,
04/03/1983,
04/04/1983,
04/05/1983,
04/06/1983,
04/07/1983,
04/08/1983,
04/09/1983,
04/10/1983,
04/11/1983,
04/12/1983,
04/13/1983,
04/14/1983,
04/15/1983,
04/16/1983,
04/17/1983,
04/18/1983,
04/19/1983,
04/20/1983,
04/21/1983,
04/22/1983,
04/23/1983,
04/24/1983,
04/25/1983,
04/26/1983,
04/27/1983,
04/28/1983,
04/29/1983,
04/30/1983,
05/01/1983,
05/02/1983,
05/03/1983,
05/04/1983,
05/05/1983,
05/06/1983,
05/07/1983,
05/08/1983,
05/09/1983,
05/10/1983,
05/11/1983,
05/12/1983,
05/13/1983,
05/14/1983,
05/15/1983,
05/16/1983,
05/17/1983,
05/18/1983,
05/19/1983,
05/20/1983,
05/21/1983,
05/22/1983,
05/23/1983,
05/24/1983,
05/25/1983,
05/26/1983,
05/27/1983,
05/28/1983,
05/29/1983,
05/30/1983,
05/31/1983,
06/01/1983,
06/02/1983,
06/03/1983,
06/04/1983,
06/05/1983,
06/06/1983,
06/07/1983,
06/08/1983,
06/09/1983,
06/10/1983,
06/11/1983,
06/12/1983,
06/13/1983,
06/14/1983,
06/15/1983,
06/16/1983,
06/17/1983,
06/18/1983,
06/19/1983,
06/20/1983,
06/21/1983,
06/22/1983,
06/23/1983,
06/24/1983,
06/25/1983,
06/26/1983,
06/27/1983,
06/28/1983,
06/29/1983,
06/30/1983,
07/01/1983,
07/02/1983,
07/03/1983,
07/04/1983,
07/05/1983,
07/06/1983,
07/07/1983,
07/08/1983,
07/09/1983,
07/10/1983,
07/11/1983,
07/12/1983,
07/13/1983,
07/14/1983,
07/15/1983,
07/16/1983,
07/17/1983,
07/18/1983,
07/19/1983,
07/20/1983,
07/21/1983,
07/22/1983,
07/23/1983,
07/24/1983,
07/25/1983,
07/26/1983,
07/27/1983,
07/28/1983,
07/29/1983,
07/30/1983,
07/31/1983,
08/01/1983,
08/02/1983,
08/03/1983,
08/04/1983,
08/05/1983,
08/06/1983,
08/07/1983,
08/08/1983,
08/09/1983,
08/10/1983,
08/11/1983,
08/12/1983,
08/13/1983,
08/14/1983,
08/15/1983,
08/16/1983,
08/17/1983,
08/18/1983,
08/19/1983,
08/20/1983,
08/21/1983,
08/22/1983,
08/23/1983,
08/24/1983,
08/25/1983,
08/26/1983,
08/27/1983,
08/28/1983,
08/29/1983,
08/30/1983,
08/31/1983,
09/01/1983,
09/02/1983,
09/03/1983,
09/04/1983,
09/05/1983,
09/06/1983,
09/07/1983,
09/08/1983,
09/09/1983,
09/10/1983,
09/11/1983,
09/12/1983,
09/13/1983,
09/14/1983,
09/15/1983,
09/16/1983,
09/17/1983,
09/18/1983,
09/19/1983,
09/20/1983,
09/21/1983,
09/22/1983,
09/23/1983,
09/24/1983,
09/25/1983,
09/26/1983,
09/27/1983,
09/28/1983,
09/29/1983,
09/30/1983,
10/01/1983,
10/02/1983,
10/03/1983,
10/04/1983,
10/05/1983,
10/06/1983,
10/07/1983,
10/08/1983,
10/09/1983,
10/10/1983,
10/11/1983,
10/12/1983,
10/13/1983,
10/14/1983,
10/15/1983,
10/16/1983,
10/17/1983,
10/18/1983,
10/19/1983,
10/20/1983,
10/21/1983,
10/22/1983,
10/23/1983,
10/24/1983,
10/25/1983,
10/26/1983,
10/27/1983,
10/28/1983,
10/29/1983,
10/30/1983,
10/31/1983,
11/01/1983,
11/02/1983,
11/03/1983,
11/04/1983,
11/05/1983,
11/06/1983,
11/07/1983,
11/08/1983,
11/09/1983,
11/10/1983,
11/11/1983,
11/12/1983,
11/13/1983,
11/14/1983,
11/15/1983,
11/16/1983,
11/17/1983,
11/18/1983,
11/19/1983,
11/20/1983,
11/21/1983,
11/22/1983,
11/23/1983,
11/24/1983,
11/25/1983,
11/26/1983,
11/27/1983,
11/28/1983,
11/29/1983,
11/30/1983,
12/01/1983,
12/02/1983,
12/03/1983,
12/04/1983,
12/05/1983,
12/06/1983,
12/07/1983,
12/08/1983,
12/09/1983,
12/10/1983,
12/11/1983,
12/12/1983,
12/13/1983,
12/14/1983,
12/15/1983,
12/16/1983,
12/17/1983,
12/18/1983,
12/19/1983,
12/20/1983,
12/21/1983,
12/22/1983,
12/23/1983,
12/24/1983,
12/25/1983,
12/26/1983,
12/27/1983,
12/28/1983,
12/29/1983,
12/30/1983,
12/31/1983,
01/01/1984,
01/02/1984,
01/03/1984,
01/04/1984,
01/05/1984,
01/06/1984,
01/07/1984,
01/08/1984,
01/09/1984,
01/10/1984,
01/11/1984,
01/12/1984,
01/13/1984,
01/14/1984,
01/15/1984,
01/16/1984,
01/17/1984,
01/18/1984,
01/19/1984,
01/20/1984,
01/21/1984,
01/22/1984,
01/23/1984,
01/24/1984,
01/25/1984,
01/26/1984,
01/27/1984,
01/28/1984,
01/29/1984,
01/30/1984,
01/31/1984,
02/01/1984,
02/02/1984,
02/03/1984,
02/04/1984,
02/05/1984,
02/06/1984,
02/07/1984,
02/08/1984,
02/09/1984,
02/10/1984,
02/11/1984,
02/12/1984,
02/13/1984,
02/14/1984,
02/15/1984,
02/16/1984,
02/17/1984,
02/18/1984,
02/19/1984,
02/20/1984,
02/21/1984,
02/22/1984,
02/23/1984,
02/24/1984,
02/25/1984,
02/26/1984,
02/27/1984,
02/28/1984,
02/29/1984,
03/01/1984,
03/02/1984,
03/03/1984,
03/04/1984,
03/05/1984,
03/06/1984,
03/07/1984,
03/08/1984,
03/09/1984,
03/10/1984,
03/11/1984,
03/12/1984,
03/13/1984,
03/14/1984,
03/15/1984,
03/16/1984,
03/17/1984,
03/18/1984,
03/19/1984,
03/20/1984,
03/21/1984,
03/22/1984,
03/23/1984,
03/24/1984,
03/25/1984,
03/26/1984,
03/27/1984,
03/28/1984,
03/29/1984,
03/30/1984,
03/31/1984,
04/01/1984,
04/02/1984,
04/03/1984,
04/04/1984,
04/05/1984,
04/06/1984,
04/07/1984,
04/08/1984,
04/09/1984,
04/10/1984,
04/11/1984,
04/12/1984,
04/13/1984,
04/14/1984,
04/15/1984,
04/16/1984,
04/17/1984,
04/18/1984,
04/19/1984,
04/20/1984,
04/21/1984,
04/22/1984,
04/23/1984,
04/24/1984,
04/25/1984,
04/26/1984,
04/27/1984,
04/28/1984,
04/29/1984,
04/30/1984,
05/01/1984,
05/02/1984,
05/03/1984,
05/04/1984,
05/05/1984,
05/06/1984,
05/07/1984,
05/08/1984,
05/09/1984,
05/10/1984,
05/11/1984,
05/12/1984,
05/13/1984,
05/14/1984,
05/15/1984,
05/16/1984,
05/17/1984,
05/18/1984,
05/19/1984,
05/20/1984,
05/21/1984,
05/22/1984,
05/23/1984,
05/24/1984,
05/25/1984,
05/26/1984,
05/27/1984,
05/28/1984,
05/29/1984,
05/30/1984,
05/31/1984,
06/01/1984,
06/02/1984,
06/03/1984,
06/04/1984,
06/05/1984,
06/06/1984,
06/07/1984,
06/08/1984,
06/09/1984,
06/10/1984,
06/11/1984,
06/12/1984,
06/13/1984,
06/14/1984,
06/15/1984,
06/16/1984,
06/17/1984,
06/18/1984,
06/19/1984,
06/20/1984,
06/21/1984,
06/22/1984,
06/23/1984,
06/24/1984,
06/25/1984,
06/26/1984,
06/27/1984,
06/28/1984,
06/29/1984,
06/30/1984,
07/01/1984,
07/02/1984,
07/03/1984,
07/04/1984,
07/05/1984,
07/06/1984,
07/07/1984,
07/08/1984,
07/09/1984,
07/10/1984,
07/11/1984,
07/12/1984,
07/13/1984,
07/14/1984,
07/15/1984,
07/16/1984,
07/17/1984,
07/18/1984,
07/19/1984,
07/20/1984,
07/21/1984,
07/22/1984,
07/23/1984,
07/24/1984,
07/25/1984,
07/26/1984,
07/27/1984,
07/28/1984,
07/29/1984,
07/30/1984,
07/31/1984,
08/01/1984,
08/02/1984,
08/03/1984,
08/04/1984,
08/05/1984,
08/06/1984,
08/07/1984,
08/08/1984,
08/09/1984,
08/10/1984,
08/11/1984,
08/12/1984,
08/13/1984,
08/14/1984,
08/15/1984,
08/16/1984,
08/17/1984,
08/18/1984,
08/19/1984,
08/20/1984,
08/21/1984,
08/22/1984,
08/23/1984,
08/24/1984,
08/25/1984,
08/26/1984,
08/27/1984,
08/28/1984,
08/29/1984,
08/30/1984,
08/31/1984,
09/01/1984,
09/02/1984,
09/03/1984,
09/04/1984,
09/05/1984,
09/06/1984,
09/07/1984,
09/08/1984,
09/09/1984,
09/10/1984,
09/11/1984,
09/12/1984,
09/13/1984,
09/14/1984,
09/15/1984,
09/16/1984,
09/17/1984,
09/18/1984,
09/19/1984,
09/20/1984,
09/21/1984,
09/22/1984,
09/23/1984,
09/24/1984,
09/25/1984,
09/26/1984,
09/27/1984,
09/28/1984,
09/29/1984,
09/30/1984,
10/01/1984,
10/02/1984,
10/03/1984,
10/04/1984,
10/05/1984,
10/06/1984,
10/07/1984,
10/08/1984,
10/09/1984,
10/10/1984,
10/11/1984,
10/12/1984,
10/13/1984,
10/14/1984,
10/15/1984,
10/16/1984,
10/17/1984,
10/18/1984,
10/19/1984,
10/20/1984,
10/21/1984,
10/22/1984,
10/23/1984,
10/24/1984,
10/25/1984,
10/26/1984,
10/27/1984,
10/28/1984,
10/29/1984,
10/30/1984,
10/31/1984,
11/01/1984,
11/02/1984,
11/03/1984,
11/04/1984,
11/05/1984,
11/06/1984,
11/07/1984,
11/08/1984,
11/09/1984,
11/10/1984,
11/11/1984,
11/12/1984,
11/13/1984,
11/14/1984,
11/15/1984,
11/16/1984,
11/17/1984,
11/18/1984,
11/19/1984,
11/20/1984,
11/21/1984,
11/22/1984,
11/23/1984,
11/24/1984,
11/25/1984,
11/26/1984,
11/27/1984,
11/28/1984,
11/29/1984,
11/30/1984,
12/01/1984,
12/02/1984,
12/03/1984,
12/04/1984,
12/05/1984,
12/06/1984,
12/07/1984,
12/08/1984,
12/09/1984,
12/10/1984,
12/11/1984,
12/12/1984,
12/13/1984,
12/14/1984,
12/15/1984,
12/16/1984,
12/17/1984,
12/18/1984,
12/19/1984,
12/20/1984,
12/21/1984,
12/22/1984,
12/23/1984,
12/24/1984,
12/25/1984,
12/26/1984,
12/27/1984,
12/28/1984,
12/29/1984,
12/30/1984,
12/31/1984,
01/01/1985,
01/02/1985,
01/03/1985,
01/04/1985,
01/05/1985,
01/06/1985,
01/07/1985,
01/08/1985,
01/09/1985,
01/10/1985,
01/11/1985,
01/12/1985,
01/13/1985,
01/14/1985,
01/15/1985,
01/16/1985,
01/17/1985,
01/18/1985,
01/19/1985,
01/20/1985,
01/21/1985,
01/22/1985,
01/23/1985,
01/24/1985,
01/25/1985,
01/26/1985,
01/27/1985,
01/28/1985,
01/29/1985,
01/30/1985,
01/31/1985,
02/01/1985,
02/02/1985,
02/03/1985,
02/04/1985,
02/05/1985,
02/06/1985,
02/07/1985,
02/08/1985,
02/09/1985,
02/10/1985,
02/11/1985,
02/12/1985,
02/13/1985,
02/14/1985,
02/15/1985,
02/16/1985,
02/17/1985,
02/18/1985,
02/19/1985,
02/20/1985,
02/21/1985,
02/22/1985,
02/23/1985,
02/24/1985,
02/25/1985,
02/26/1985,
02/27/1985,
02/28/1985,
03/01/1985,
03/02/1985,
03/03/1985,
03/04/1985,
03/05/1985,
03/06/1985,
03/07/1985,
03/08/1985,
03/09/1985,
03/10/1985,
03/11/1985,
03/12/1985,
03/13/1985,
03/14/1985,
03/15/1985,
03/16/1985,
03/17/1985,
03/18/1985,
03/19/1985,
03/20/1985,
03/21/1985,
03/22/1985,
03/23/1985,
03/24/1985,
03/25/1985,
03/26/1985,
03/27/1985,
03/28/1985,
03/29/1985,
03/30/1985,
03/31/1985,
04/01/1985,
04/02/1985,
04/03/1985,
04/04/1985,
04/05/1985,
04/06/1985,
04/07/1985,
04/08/1985,
04/09/1985,
04/10/1985,
04/11/1985,
04/12/1985,
04/13/1985,
04/14/1985,
04/15/1985,
04/16/1985,
04/17/1985,
04/18/1985,
04/19/1985,
04/20/1985,
04/21/1985,
04/22/1985,
04/23/1985,
04/24/1985,
04/25/1985,
04/26/1985,
04/27/1985,
04/28/1985,
04/29/1985,
04/30/1985,
05/01/1985,
05/02/1985,
05/03/1985,
05/04/1985,
05/05/1985,
05/06/1985,
05/07/1985,
05/08/1985,
05/09/1985,
05/10/1985,
05/11/1985,
05/12/1985,
05/13/1985,
05/14/1985,
05/15/1985,
05/16/1985,
05/17/1985,
05/18/1985,
05/19/1985,
05/20/1985,
05/21/1985,
05/22/1985,
05/23/1985,
05/24/1985,
05/25/1985,
05/26/1985,
05/27/1985,
05/28/1985,
05/29/1985,
05/30/1985,
05/31/1985,
06/01/1985,
06/02/1985,
06/03/1985,
06/04/1985,
06/05/1985,
06/06/1985,
06/07/1985,
06/08/1985,
06/09/1985,
06/10/1985,
06/11/1985,
06/12/1985,
06/13/1985,
06/14/1985,
06/15/1985,
06/16/1985,
06/17/1985,
06/18/1985,
06/19/1985,
06/20/1985,
06/21/1985,
06/22/1985,
06/23/1985,
06/24/1985,
06/25/1985,
06/26/1985,
06/27/1985,
06/28/1985,
06/29/1985,
06/30/1985,
07/01/1985,
07/02/1985,
07/03/1985,
07/04/1985,
07/05/1985,
07/06/1985,
07/07/1985,
07/08/1985,
07/09/1985,
07/10/1985,
07/11/1985,
07/12/1985,
07/13/1985,
07/14/1985,
07/15/1985,
07/16/1985,
07/17/1985,
07/18/1985,
07/19/1985,
07/20/1985,
07/21/1985,
07/22/1985,
07/23/1985,
07/24/1985,
07/25/1985,
07/26/1985,
07/27/1985,
07/28/1985,
07/29/1985,
07/30/1985,
07/31/1985,
08/01/1985,
08/02/1985,
08/03/1985,
08/04/1985,
08/05/1985,
08/06/1985,
08/07/1985,
08/08/1985,
08/09/1985,
08/10/1985,
08/11/1985,
08/12/1985,
08/13/1985,
08/14/1985,
08/15/1985,
08/16/1985,
08/17/1985,
08/18/1985,
08/19/1985,
08/20/1985,
08/21/1985,
08/22/1985,
08/23/1985,
08/24/1985,
08/25/1985,
08/26/1985,
08/27/1985,
08/28/1985,
08/29/1985,
08/30/1985,
08/31/1985,
09/01/1985,
09/02/1985,
09/03/1985,
09/04/1985,
09/05/1985,
09/06/1985,
09/07/1985,
09/08/1985,
09/09/1985,
09/10/1985,
09/11/1985,
09/12/1985,
09/13/1985,
09/14/1985,
09/15/1985,
09/16/1985,
09/17/1985,
09/18/1985,
09/19/1985,
09/20/1985,
09/21/1985,
09/22/1985,
09/23/1985,
09/24/1985,
09/25/1985,
09/26/1985,
09/27/1985,
09/28/1985,
09/29/1985,
09/30/1985,
10/01/1985,
10/02/1985,
10/03/1985,
10/04/1985,
10/05/1985,
10/06/1985,
10/07/1985,
10/08/1985,
10/09/1985,
10/10/1985,
10/11/1985,
10/12/1985,
10/13/1985,
10/14/1985,
10/15/1985,
10/16/1985,
10/17/1985,
10/18/1985,
10/19/1985,
10/20/1985,
10/21/1985,
10/22/1985,
10/23/1985,
10/24/1985,
10/25/1985,
10/26/1985,
10/27/1985,
10/28/1985,
10/29/1985,
10/30/1985,
10/31/1985,
11/01/1985,
11/02/1985,
11/03/1985,
11/04/1985,
11/05/1985,
11/06/1985,
11/07/1985,
11/08/1985,
11/09/1985,
11/10/1985,
11/11/1985,
11/12/1985,
11/13/1985,
11/14/1985,
11/15/1985,
11/16/1985,
11/17/1985,
11/18/1985,
11/19/1985,
11/20/1985,
11/21/1985,
11/22/1985,
11/23/1985,
11/24/1985,
11/25/1985,
11/26/1985,
11/27/1985,
11/28/1985,
11/29/1985,
11/30/1985,
12/01/1985,
12/02/1985,
12/03/1985,
12/04/1985,
12/05/1985,
12/06/1985,
12/07/1985,
12/08/1985,
12/09/1985,
12/10/1985,
12/11/1985,
12/12/1985,
12/13/1985,
12/14/1985,
12/15/1985,
12/16/1985,
12/17/1985,
12/18/1985,
12/19/1985,
12/20/1985,
12/21/1985,
12/22/1985,
12/23/1985,
12/24/1985,
12/25/1985,
12/26/1985,
12/27/1985,
12/28/1985,
12/29/1985,
12/30/1985,
12/31/1985,
01/01/1986,
01/02/1986,
01/03/1986,
01/04/1986,
01/05/1986,
01/06/1986,
01/07/1986,
01/08/1986,
01/09/1986,
01/10/1986,
01/11/1986,
01/12/1986,
01/13/1986,
01/14/1986,
01/15/1986,
01/16/1986,
01/17/1986,
01/18/1986,
01/19/1986,
01/20/1986,
01/21/1986,
01/22/1986,
01/23/1986,
01/24/1986,
01/25/1986,
01/26/1986,
01/27/1986,
01/28/1986,
01/29/1986,
01/30/1986,
01/31/1986,
02/01/1986,
02/02/1986,
02/03/1986,
02/04/1986,
02/05/1986,
02/06/1986,
02/07/1986,
02/08/1986,
02/09/1986,
02/10/1986,
02/11/1986,
02/12/1986,
02/13/1986,
02/14/1986,
02/15/1986,
02/16/1986,
02/17/1986,
02/18/1986,
02/19/1986,
02/20/1986,
02/21/1986,
02/22/1986,
02/23/1986,
02/24/1986,
02/25/1986,
02/26/1986,
02/27/1986,
02/28/1986,
03/01/1986,
03/02/1986,
03/03/1986,
03/04/1986,
03/05/1986,
03/06/1986,
03/07/1986,
03/08/1986,
03/09/1986,
03/10/1986,
03/11/1986,
03/12/1986,
03/13/1986,
03/14/1986,
03/15/1986,
03/16/1986,
03/17/1986,
03/18/1986,
03/19/1986,
03/20/1986,
03/21/1986,
03/22/1986,
03/23/1986,
03/24/1986,
03/25/1986,
03/26/1986,
03/27/1986,
03/28/1986,
03/29/1986,
03/30/1986,
03/31/1986,
04/01/1986,
04/02/1986,
04/03/1986,
04/04/1986,
04/05/1986,
04/06/1986,
04/07/1986,
04/08/1986,
04/09/1986,
04/10/1986,
04/11/1986,
04/12/1986,
04/13/1986,
04/14/1986,
04/15/1986,
04/16/1986,
04/17/1986,
04/18/1986,
04/19/1986,
04/20/1986,
04/21/1986,
04/22/1986,
04/23/1986,
04/24/1986,
04/25/1986,
04/26/1986,
04/27/1986,
04/28/1986,
04/29/1986,
04/30/1986,
05/01/1986,
05/02/1986,
05/03/1986,
05/04/1986,
05/05/1986,
05/06/1986,
05/07/1986,
05/08/1986,
05/09/1986,
05/10/1986,
05/11/1986,
05/12/1986,
05/13/1986,
05/14/1986,
05/15/1986,
05/16/1986,
05/17/1986,
05/18/1986,
05/19/1986,
05/20/1986,
05/21/1986,
05/22/1986,
05/23/1986,
05/24/1986,
05/25/1986,
05/26/1986,
05/27/1986,
05/28/1986,
05/29/1986,
05/30/1986,
05/31/1986,
06/01/1986,
06/02/1986,
06/03/1986,
06/04/1986,
06/05/1986,
06/06/1986,
06/07/1986,
06/08/1986,
06/09/1986,
06/10/1986,
06/11/1986,
06/12/1986,
06/13/1986,
06/14/1986,
06/15/1986,
06/16/1986,
06/17/1986,
06/18/1986,
06/19/1986,
06/20/1986,
06/21/1986,
06/22/1986,
06/23/1986,
06/24/1986,
06/25/1986,
06/26/1986,
06/27/1986,
06/28/1986,
06/29/1986,
06/30/1986,
07/01/1986,
07/02/1986,
07/03/1986,
07/04/1986,
07/05/1986,
07/06/1986,
07/07/1986,
07/08/1986,
07/09/1986,
07/10/1986,
07/11/1986,
07/12/1986,
07/13/1986,
07/14/1986,
07/15/1986,
07/16/1986,
07/17/1986,
07/18/1986,
07/19/1986,
07/20/1986,
07/21/1986,
07/22/1986,
07/23/1986,
07/24/1986,
07/25/1986,
07/26/1986,
07/27/1986,
07/28/1986,
07/29/1986,
07/30/1986,
07/31/1986,
08/01/1986,
08/02/1986,
08/03/1986,
08/04/1986,
08/05/1986,
08/06/1986,
08/07/1986,
08/08/1986,
08/09/1986,
08/10/1986,
08/11/1986,
08/12/1986,
08/13/1986,
08/14/1986,
08/15/1986,
08/16/1986,
08/17/1986,
08/18/1986,
08/19/1986,
08/20/1986,
08/21/1986,
08/22/1986,
08/23/1986,
08/24/1986,
08/25/1986,
08/26/1986,
08/27/1986,
08/28/1986,
08/29/1986,
08/30/1986,
08/31/1986,
09/01/1986,
09/02/1986,
09/03/1986,
09/04/1986,
09/05/1986,
09/06/1986,
09/07/1986,
09/08/1986,
09/09/1986,
09/10/1986,
09/11/1986,
09/12/1986,
09/13/1986,
09/14/1986,
09/15/1986,
09/16/1986,
09/17/1986,
09/18/1986,
09/19/1986,
09/20/1986,
09/21/1986,
09/22/1986,
09/23/1986,
09/24/1986,
09/25/1986,
09/26/1986,
09/27/1986,
09/28/1986,
09/29/1986,
09/30/1986,
10/01/1986,
10/02/1986,
10/03/1986,
10/04/1986,
10/05/1986,
10/06/1986,
10/07/1986,
10/08/1986,
10/09/1986,
10/10/1986,
10/11/1986,
10/12/1986,
10/13/1986,
10/14/1986,
10/15/1986,
10/16/1986,
10/17/1986,
10/18/1986,
10/19/1986,
10/20/1986,
10/21/1986,
10/22/1986,
10/23/1986,
10/24/1986,
10/25/1986,
10/26/1986,
10/27/1986,
10/28/1986,
10/29/1986,
10/30/1986,
10/31/1986,
11/01/1986,
11/02/1986,
11/03/1986,
11/04/1986,
11/05/1986,
11/06/1986,
11/07/1986,
11/08/1986,
11/09/1986,
11/10/1986,
11/11/1986,
11/12/1986,
11/13/1986,
11/14/1986,
11/15/1986,
11/16/1986,
11/17/1986,
11/18/1986,
11/19/1986,
11/20/1986,
11/21/1986,
11/22/1986,
11/23/1986,
11/24/1986,
11/25/1986,
11/26/1986,
11/27/1986,
11/28/1986,
11/29/1986,
11/30/1986,
12/01/1986,
12/02/1986,
12/03/1986,
12/04/1986,
12/05/1986,
12/06/1986,
12/07/1986,
12/08/1986,
12/09/1986,
12/10/1986,
12/11/1986,
12/12/1986,
12/13/1986,
12/14/1986,
12/15/1986,
12/16/1986,
12/17/1986,
12/18/1986,
12/19/1986,
12/20/1986,
12/21/1986,
12/22/1986,
12/23/1986,
12/24/1986,
12/25/1986,
12/26/1986,
12/27/1986,
12/28/1986,
12/29/1986,
12/30/1986,
12/31/1986,
01/01/1987,
01/02/1987,
01/03/1987,
01/04/1987,
01/05/1987,
01/06/1987,
01/07/1987,
01/08/1987,
01/09/1987,
01/10/1987,
01/11/1987,
01/12/1987,
01/13/1987,
01/14/1987,
01/15/1987,
01/16/1987,
01/17/1987,
01/18/1987,
01/19/1987,
01/20/1987,
01/21/1987,
01/22/1987,
01/23/1987,
01/24/1987,
01/25/1987,
01/26/1987,
01/27/1987,
01/28/1987,
01/29/1987,
01/30/1987,
01/31/1987,
02/01/1987,
02/02/1987,
02/03/1987,
02/04/1987,
02/05/1987,
02/06/1987,
02/07/1987,
02/08/1987,
02/09/1987,
02/10/1987,
02/11/1987,
02/12/1987,
02/13/1987,
02/14/1987,
02/15/1987,
02/16/1987,
02/17/1987,
02/18/1987,
02/19/1987,
02/20/1987,
02/21/1987,
02/22/1987,
02/23/1987,
02/24/1987,
02/25/1987,
02/26/1987,
02/27/1987,
02/28/1987,
03/01/1987,
03/02/1987,
03/03/1987,
03/04/1987,
03/05/1987,
03/06/1987,
03/07/1987,
03/08/1987,
03/09/1987,
03/10/1987,
03/11/1987,
03/12/1987,
03/13/1987,
03/14/1987,
03/15/1987,
03/16/1987,
03/17/1987,
03/18/1987,
03/19/1987,
03/20/1987,
03/21/1987,
03/22/1987,
03/23/1987,
03/24/1987,
03/25/1987,
03/26/1987,
03/27/1987,
03/28/1987,
03/29/1987,
03/30/1987,
03/31/1987,
04/01/1987,
04/02/1987,
04/03/1987,
04/04/1987,
04/05/1987,
04/06/1987,
04/07/1987,
04/08/1987,
04/09/1987,
04/10/1987,
04/11/1987,
04/12/1987,
04/13/1987,
04/14/1987,
04/15/1987,
04/16/1987,
04/17/1987,
04/18/1987,
04/19/1987,
04/20/1987,
04/21/1987,
04/22/1987,
04/23/1987,
04/24/1987,
04/25/1987,
04/26/1987,
04/27/1987,
04/28/1987,
04/29/1987,
04/30/1987,
05/01/1987,
05/02/1987,
05/03/1987,
05/04/1987,
05/05/1987,
05/06/1987,
05/07/1987,
05/08/1987,
05/09/1987,
05/10/1987,
05/11/1987,
05/12/1987,
05/13/1987,
05/14/1987,
05/15/1987,
05/16/1987,
05/17/1987,
05/18/1987,
05/19/1987,
05/20/1987,
05/21/1987,
05/22/1987,
05/23/1987,
05/24/1987,
05/25/1987,
05/26/1987,
05/27/1987,
05/28/1987,
05/29/1987,
05/30/1987,
05/31/1987,
06/01/1987,
06/02/1987,
06/03/1987,
06/04/1987,
06/05/1987,
06/06/1987,
06/07/1987,
06/08/1987,
06/09/1987,
06/10/1987,
06/11/1987,
06/12/1987,
06/13/1987,
06/14/1987,
06/15/1987,
06/16/1987,
06/17/1987,
06/18/1987,
06/19/1987,
06/20/1987,
06/21/1987,
06/22/1987,
06/23/1987,
06/24/1987,
06/25/1987,
06/26/1987,
06/27/1987,
06/28/1987,
06/29/1987,
06/30/1987,
07/01/1987,
07/02/1987,
07/03/1987,
07/04/1987,
07/05/1987,
07/06/1987,
07/07/1987,
07/08/1987,
07/09/1987,
07/10/1987,
07/11/1987,
07/12/1987,
07/13/1987,
07/14/1987,
07/15/1987,
07/16/1987,
07/17/1987,
07/18/1987,
07/19/1987,
07/20/1987,
07/21/1987,
07/22/1987,
07/23/1987,
07/24/1987,
07/25/1987,
07/26/1987,
07/27/1987,
07/28/1987,
07/29/1987,
07/30/1987,
07/31/1987,
08/01/1987,
08/02/1987,
08/03/1987,
08/04/1987,
08/05/1987,
08/06/1987,
08/07/1987,
08/08/1987,
08/09/1987,
08/10/1987,
08/11/1987,
08/12/1987,
08/13/1987,
08/14/1987,
08/15/1987,
08/16/1987,
08/17/1987,
08/18/1987,
08/19/1987,
08/20/1987,
08/21/1987,
08/22/1987,
08/23/1987,
08/24/1987,
08/25/1987,
08/26/1987,
08/27/1987,
08/28/1987,
08/29/1987,
08/30/1987,
08/31/1987,
09/01/1987,
09/02/1987,
09/03/1987,
09/04/1987,
09/05/1987,
09/06/1987,
09/07/1987,
09/08/1987,
09/09/1987,
09/10/1987,
09/11/1987,
09/12/1987,
09/13/1987,
09/14/1987,
09/15/1987,
09/16/1987,
09/17/1987,
09/18/1987,
09/19/1987,
09/20/1987,
09/21/1987,
09/22/1987,
09/23/1987,
09/24/1987,
09/25/1987,
09/26/1987,
09/27/1987,
09/28/1987,
09/29/1987,
09/30/1987,
10/01/1987,
10/02/1987,
10/03/1987,
10/04/1987,
10/05/1987,
10/06/1987,
10/07/1987,
10/08/1987,
10/09/1987,
10/10/1987,
10/11/1987,
10/12/1987,
10/13/1987,
10/14/1987,
10/15/1987,
10/16/1987,
10/17/1987,
10/18/1987,
10/19/1987,
10/20/1987,
10/21/1987,
10/22/1987,
10/23/1987,
10/24/1987,
10/25/1987,
10/26/1987,
10/27/1987,
10/28/1987,
10/29/1987,
10/30/1987,
10/31/1987,
11/01/1987,
11/02/1987,
11/03/1987,
11/04/1987,
11/05/1987,
11/06/1987,
11/07/1987,
11/08/1987,
11/09/1987,
11/10/1987,
11/11/1987,
11/12/1987,
11/13/1987,
11/14/1987,
11/15/1987,
11/16/1987,
11/17/1987,
11/18/1987,
11/19/1987,
11/20/1987,
11/21/1987,
11/22/1987,
11/23/1987,
11/24/1987,
11/25/1987,
11/26/1987,
11/27/1987,
11/28/1987,
11/29/1987,
11/30/1987,
12/01/1987,
12/02/1987,
12/03/1987,
12/04/1987,
12/05/1987,
12/06/1987,
12/07/1987,
12/08/1987,
12/09/1987,
12/10/1987,
12/11/1987,
12/12/1987,
12/13/1987,
12/14/1987,
12/15/1987,
12/16/1987,
12/17/1987,
12/18/1987,
12/19/1987,
12/20/1987,
12/21/1987,
12/22/1987,
12/23/1987,
12/24/1987,
12/25/1987,
12/26/1987,
12/27/1987,
12/28/1987,
12/29/1987,
12/30/1987,
12/31/1987,
01/01/1988,
01/02/1988,
01/03/1988,
01/04/1988,
01/05/1988,
01/06/1988,
01/07/1988,
01/08/1988,
01/09/1988,
01/10/1988,
01/11/1988,
01/12/1988,
01/13/1988,
01/14/1988,
01/15/1988,
01/16/1988,
01/17/1988,
01/18/1988,
01/19/1988,
01/20/1988,
01/21/1988,
01/22/1988,
01/23/1988,
01/24/1988,
01/25/1988,
01/26/1988,
01/27/1988,
01/28/1988,
01/29/1988,
01/30/1988,
01/31/1988,
02/01/1988,
02/02/1988,
02/03/1988,
02/04/1988,
02/05/1988,
02/06/1988,
02/07/1988,
02/08/1988,
02/09/1988,
02/10/1988,
02/11/1988,
02/12/1988,
02/13/1988,
02/14/1988,
02/15/1988,
02/16/1988,
02/17/1988,
02/18/1988,
02/19/1988,
02/20/1988,
02/21/1988,
02/22/1988,
02/23/1988,
02/24/1988,
02/25/1988,
02/26/1988,
02/27/1988,
02/28/1988,
02/29/1988,
03/01/1988,
03/02/1988,
03/03/1988,
03/04/1988,
03/05/1988,
03/06/1988,
03/07/1988,
03/08/1988,
03/09/1988,
03/10/1988,
03/11/1988,
03/12/1988,
03/13/1988,
03/14/1988,
03/15/1988,
03/16/1988,
03/17/1988,
03/18/1988,
03/19/1988,
03/20/1988,
03/21/1988,
03/22/1988,
03/23/1988,
03/24/1988,
03/25/1988,
03/26/1988,
03/27/1988,
03/28/1988,
03/29/1988,
03/30/1988,
03/31/1988,
04/01/1988,
04/02/1988,
04/03/1988,
04/04/1988,
04/05/1988,
04/06/1988,
04/07/1988,
04/08/1988,
04/09/1988,
04/10/1988,
04/11/1988,
04/12/1988,
04/13/1988,
04/14/1988,
04/15/1988,
04/16/1988,
04/17/1988,
04/18/1988,
04/19/1988,
04/20/1988,
04/21/1988,
04/22/1988,
04/23/1988,
04/24/1988,
04/25/1988,
04/26/1988,
04/27/1988,
04/28/1988,
04/29/1988,
04/30/1988,
05/01/1988,
05/02/1988,
05/03/1988,
05/04/1988,
05/05/1988,
05/06/1988,
05/07/1988,
05/08/1988,
05/09/1988,
05/10/1988,
05/11/1988,
05/12/1988,
05/13/1988,
05/14/1988,
05/15/1988,
05/16/1988,
05/17/1988,
05/18/1988,
05/19/1988,
05/20/1988,
05/21/1988,
05/22/1988,
05/23/1988,
05/24/1988,
05/25/1988,
05/26/1988,
05/27/1988,
05/28/1988,
05/29/1988,
05/30/1988,
05/31/1988,
06/01/1988,
06/02/1988,
06/03/1988,
06/04/1988,
06/05/1988,
06/06/1988,
06/07/1988,
06/08/1988,
06/09/1988,
06/10/1988,
06/11/1988,
06/12/1988,
06/13/1988,
06/14/1988,
06/15/1988,
06/16/1988,
06/17/1988,
06/18/1988,
06/19/1988,
06/20/1988,
06/21/1988,
06/22/1988,
06/23/1988,
06/24/1988,
06/25/1988,
06/26/1988,
06/27/1988,
06/28/1988,
06/29/1988,
06/30/1988,
07/01/1988,
07/02/1988,
07/03/1988,
07/04/1988,
07/05/1988,
07/06/1988,
07/07/1988,
07/08/1988,
07/09/1988,
07/10/1988,
07/11/1988,
07/12/1988,
07/13/1988,
07/14/1988,
07/15/1988,
07/16/1988,
07/17/1988,
07/18/1988,
07/19/1988,
07/20/1988,
07/21/1988,
07/22/1988,
07/23/1988,
07/24/1988,
07/25/1988,
07/26/1988,
07/27/1988,
07/28/1988,
07/29/1988,
07/30/1988,
07/31/1988,
08/01/1988,
08/02/1988,
08/03/1988,
08/04/1988,
08/05/1988,
08/06/1988,
08/07/1988,
08/08/1988,
08/09/1988,
08/10/1988,
08/11/1988,
08/12/1988,
08/13/1988,
08/14/1988,
08/15/1988,
08/16/1988,
08/17/1988,
08/18/1988,
08/19/1988,
08/20/1988,
08/21/1988,
08/22/1988,
08/23/1988,
08/24/1988,
08/25/1988,
08/26/1988,
08/27/1988,
08/28/1988,
08/29/1988,
08/30/1988,
08/31/1988,
09/01/1988,
09/02/1988,
09/03/1988,
09/04/1988,
09/05/1988,
09/06/1988,
09/07/1988,
09/08/1988,
09/09/1988,
09/10/1988,
09/11/1988,
09/12/1988,
09/13/1988,
09/14/1988,
09/15/1988,
09/16/1988,
09/17/1988,
09/18/1988,
09/19/1988,
09/20/1988,
09/21/1988,
09/22/1988,
09/23/1988,
09/24/1988,
09/25/1988,
09/26/1988,
09/27/1988,
09/28/1988,
09/29/1988,
09/30/1988,
10/01/1988,
10/02/1988,
10/03/1988,
10/04/1988,
10/05/1988,
10/06/1988,
10/07/1988,
10/08/1988,
10/09/1988,
10/10/1988,
10/11/1988,
10/12/1988,
10/13/1988,
10/14/1988,
10/15/1988,
10/16/1988,
10/17/1988,
10/18/1988,
10/19/1988,
10/20/1988,
10/21/1988,
10/22/1988,
10/23/1988,
10/24/1988,
10/25/1988,
10/26/1988,
10/27/1988,
10/28/1988,
10/29/1988,
10/30/1988,
10/31/1988,
11/01/1988,
11/02/1988,
11/03/1988,
11/04/1988,
11/05/1988,
11/06/1988,
11/07/1988,
11/08/1988,
11/09/1988,
11/10/1988,
11/11/1988,
11/12/1988,
11/13/1988,
11/14/1988,
11/15/1988,
11/16/1988,
11/17/1988,
11/18/1988,
11/19/1988,
11/20/1988,
11/21/1988,
11/22/1988,
11/23/1988,
11/24/1988,
11/25/1988,
11/26/1988,
11/27/1988,
11/28/1988,
11/29/1988,
11/30/1988,
12/01/1988,
12/02/1988,
12/03/1988,
12/04/1988,
12/05/1988,
12/06/1988,
12/07/1988,
12/08/1988,
12/09/1988,
12/10/1988,
12/11/1988,
12/12/1988,
12/13/1988,
12/14/1988,
12/15/1988,
12/16/1988,
12/17/1988,
12/18/1988,
12/19/1988,
12/20/1988,
12/21/1988,
12/22/1988,
12/23/1988,
12/24/1988,
12/25/1988,
12/26/1988,
12/27/1988,
12/28/1988,
12/29/1988,
12/30/1988,
12/31/1988,
01/01/1989,
01/02/1989,
01/03/1989,
01/04/1989,
01/05/1989,
01/06/1989,
01/07/1989,
01/08/1989,
01/09/1989,
01/10/1989,
01/11/1989,
01/12/1989,
01/13/1989,
01/14/1989,
01/15/1989,
01/16/1989,
01/17/1989,
01/18/1989,
01/19/1989,
01/20/1989,
01/21/1989,
01/22/1989,
01/23/1989,
01/24/1989,
01/25/1989,
01/26/1989,
01/27/1989,
01/28/1989,
01/29/1989,
01/30/1989,
01/31/1989,
02/01/1989,
02/02/1989,
02/03/1989,
02/04/1989,
02/05/1989,
02/06/1989,
02/07/1989,
02/08/1989,
02/09/1989,
02/10/1989,
02/11/1989,
02/12/1989,
02/13/1989,
02/14/1989,
02/15/1989,
02/16/1989,
02/17/1989,
02/18/1989,
02/19/1989,
02/20/1989,
02/21/1989,
02/22/1989,
02/23/1989,
02/24/1989,
02/25/1989,
02/26/1989,
02/27/1989,
02/28/1989,
03/01/1989,
03/02/1989,
03/03/1989,
03/04/1989,
03/05/1989,
03/06/1989,
03/07/1989,
03/08/1989,
03/09/1989,
03/10/1989,
03/11/1989,
03/12/1989,
03/13/1989,
03/14/1989,
03/15/1989,
03/16/1989,
03/17/1989,
03/18/1989,
03/19/1989,
03/20/1989,
03/21/1989,
03/22/1989,
03/23/1989,
03/24/1989,
03/25/1989,
03/26/1989,
03/27/1989,
03/28/1989,
03/29/1989,
03/30/1989,
03/31/1989,
04/01/1989,
04/02/1989,
04/03/1989,
04/04/1989,
04/05/1989,
04/06/1989,
04/07/1989,
04/08/1989,
04/09/1989,
04/10/1989,
04/11/1989,
04/12/1989,
04/13/1989,
04/14/1989,
04/15/1989,
04/16/1989,
04/17/1989,
04/18/1989,
04/19/1989,
04/20/1989,
04/21/1989,
04/22/1989,
04/23/1989,
04/24/1989,
04/25/1989,
04/26/1989,
04/27/1989,
04/28/1989,
04/29/1989,
04/30/1989,
05/01/1989,
05/02/1989,
05/03/1989,
05/04/1989,
05/05/1989,
05/06/1989,
05/07/1989,
05/08/1989,
05/09/1989,
05/10/1989,
05/11/1989,
05/12/1989,
05/13/1989,
05/14/1989,
05/15/1989,
05/16/1989,
05/17/1989,
05/18/1989,
05/19/1989,
05/20/1989,
05/21/1989,
05/22/1989,
05/23/1989,
05/24/1989,
05/25/1989,
05/26/1989,
05/27/1989,
05/28/1989,
05/29/1989,
05/30/1989,
05/31/1989,
06/01/1989,
06/02/1989,
06/03/1989,
06/04/1989,
06/05/1989,
06/06/1989,
06/07/1989,
06/08/1989,
06/09/1989,
06/10/1989,
06/11/1989,
06/12/1989,
06/13/1989,
06/14/1989,
06/15/1989,
06/16/1989,
06/17/1989,
06/18/1989,
06/19/1989,
06/20/1989,
06/21/1989,
06/22/1989,
06/23/1989,
06/24/1989,
06/25/1989,
06/26/1989,
06/27/1989,
06/28/1989,
06/29/1989,
06/30/1989,
07/01/1989,
07/02/1989,
07/03/1989,
07/04/1989,
07/05/1989,
07/06/1989,
07/07/1989,
07/08/1989,
07/09/1989,
07/10/1989,
07/11/1989,
07/12/1989,
07/13/1989,
07/14/1989,
07/15/1989,
07/16/1989,
07/17/1989,
07/18/1989,
07/19/1989,
07/20/1989,
07/21/1989,
07/22/1989,
07/23/1989,
07/24/1989,
07/25/1989,
07/26/1989,
07/27/1989,
07/28/1989,
07/29/1989,
07/30/1989,
07/31/1989,
08/01/1989,
08/02/1989,
08/03/1989,
08/04/1989,
08/05/1989,
08/06/1989,
08/07/1989,
08/08/1989,
08/09/1989,
08/10/1989,
08/11/1989,
08/12/1989,
08/13/1989,
08/14/1989,
08/15/1989,
08/16/1989,
08/17/1989,
08/18/1989,
08/19/1989,
08/20/1989,
08/21/1989,
08/22/1989,
08/23/1989,
08/24/1989,
08/25/1989,
08/26/1989,
08/27/1989,
08/28/1989,
08/29/1989,
08/30/1989,
08/31/1989,
09/01/1989,
09/02/1989,
09/03/1989,
09/04/1989,
09/05/1989,
09/06/1989,
09/07/1989,
09/08/1989,
09/09/1989,
09/10/1989,
09/11/1989,
09/12/1989,
09/13/1989,
09/14/1989,
09/15/1989,
09/16/1989,
09/17/1989,
09/18/1989,
09/19/1989,
09/20/1989,
09/21/1989,
09/22/1989,
09/23/1989,
09/24/1989,
09/25/1989,
09/26/1989,
09/27/1989,
09/28/1989,
09/29/1989,
09/30/1989,
10/01/1989,
10/02/1989,
10/03/1989,
10/04/1989,
10/05/1989,
10/06/1989,
10/07/1989,
10/08/1989,
10/09/1989,
10/10/1989,
10/11/1989,
10/12/1989,
10/13/1989,
10/14/1989,
10/15/1989,
10/16/1989,
10/17/1989,
10/18/1989,
10/19/1989,
10/20/1989,
10/21/1989,
10/22/1989,
10/23/1989,
10/24/1989,
10/25/1989,
10/26/1989,
10/27/1989,
10/28/1989,
10/29/1989,
10/30/1989,
10/31/1989,
11/01/1989,
11/02/1989,
11/03/1989,
11/04/1989,
11/05/1989,
11/06/1989,
11/07/1989,
11/08/1989,
11/09/1989,
11/10/1989,
11/11/1989,
11/12/1989,
11/13/1989,
11/14/1989,
11/15/1989,
11/16/1989,
11/17/1989,
11/18/1989,
11/19/1989,
11/20/1989,
11/21/1989,
11/22/1989,
11/23/1989,
11/24/1989,
11/25/1989,
11/26/1989,
11/27/1989,
11/28/1989,
11/29/1989,
11/30/1989,
12/01/1989,
12/02/1989,
12/03/1989,
12/04/1989,
12/05/1989,
12/06/1989,
12/07/1989,
12/08/1989,
12/09/1989,
12/10/1989,
12/11/1989,
12/12/1989,
12/13/1989,
12/14/1989,
12/15/1989,
12/16/1989,
12/17/1989,
12/18/1989,
12/19/1989,
12/20/1989,
12/21/1989,
12/22/1989,
12/23/1989,
12/24/1989,
12/25/1989,
12/26/1989,
12/27/1989,
12/28/1989,
12/29/1989,
12/30/1989,
12/31/1989,
01/01/1990,
01/02/1990,
01/03/1990,
01/04/1990,
01/05/1990,
01/06/1990,
01/07/1990,
01/08/1990,
01/09/1990,
01/10/1990,
01/11/1990,
01/12/1990,
01/13/1990,
01/14/1990,
01/15/1990,
01/16/1990,
01/17/1990,
01/18/1990,
01/19/1990,
01/20/1990,
01/21/1990,
01/22/1990,
01/23/1990,
01/24/1990,
01/25/1990,
01/26/1990,
01/27/1990,
01/28/1990,
01/29/1990,
01/30/1990,
01/31/1990,
02/01/1990,
02/02/1990,
02/03/1990,
02/04/1990,
02/05/1990,
02/06/1990,
02/07/1990,
02/08/1990,
02/09/1990,
02/10/1990,
02/11/1990,
02/12/1990,
02/13/1990,
02/14/1990,
02/15/1990,
02/16/1990,
02/17/1990,
02/18/1990,
02/19/1990,
02/20/1990,
02/21/1990,
02/22/1990,
02/23/1990,
02/24/1990,
02/25/1990,
02/26/1990,
02/27/1990,
02/28/1990,
03/01/1990,
03/02/1990,
03/03/1990,
03/04/1990,
03/05/1990,
03/06/1990,
03/07/1990,
03/08/1990,
03/09/1990,
03/10/1990,
03/11/1990,
03/12/1990,
03/13/1990,
03/14/1990,
03/15/1990,
03/16/1990,
03/17/1990,
03/18/1990,
03/19/1990,
03/20/1990,
03/21/1990,
03/22/1990,
03/23/1990,
03/24/1990,
03/25/1990,
03/26/1990,
03/27/1990,
03/28/1990,
03/29/1990,
03/30/1990,
03/31/1990,
04/01/1990,
04/02/1990,
04/03/1990,
04/04/1990,
04/05/1990,
04/06/1990,
04/07/1990,
04/08/1990,
04/09/1990,
04/10/1990,
04/11/1990,
04/12/1990,
04/13/1990,
04/14/1990,
04/15/1990,
04/16/1990,
04/17/1990,
04/18/1990,
04/19/1990,
04/20/1990,
04/21/1990,
04/22/1990,
04/23/1990,
04/24/1990,
04/25/1990,
04/26/1990,
04/27/1990,
04/28/1990,
04/29/1990,
04/30/1990,
05/01/1990,
05/02/1990,
05/03/1990,
05/04/1990,
05/05/1990,
05/06/1990,
05/07/1990,
05/08/1990,
05/09/1990,
05/10/1990,
05/11/1990,
05/12/1990,
05/13/1990,
05/14/1990,
05/15/1990,
05/16/1990,
05/17/1990,
05/18/1990,
05/19/1990,
05/20/1990,
05/21/1990,
05/22/1990,
05/23/1990,
05/24/1990,
05/25/1990,
05/26/1990,
05/27/1990,
05/28/1990,
05/29/1990,
05/30/1990,
05/31/1990,
06/01/1990,
06/02/1990,
06/03/1990,
06/04/1990,
06/05/1990,
06/06/1990,
06/07/1990,
06/08/1990,
06/09/1990,
06/10/1990,
06/11/1990,
06/12/1990,
06/13/1990,
06/14/1990,
06/15/1990,
06/16/1990,
06/17/1990,
06/18/1990,
06/19/1990,
06/20/1990,
06/21/1990,
06/22/1990,
06/23/1990,
06/24/1990,
06/25/1990,
06/26/1990,
06/27/1990,
06/28/1990,
06/29/1990,
06/30/1990,
07/01/1990,
07/02/1990,
07/03/1990,
07/04/1990,
07/05/1990,
07/06/1990,
07/07/1990,
07/08/1990,
07/09/1990,
07/10/1990,
07/11/1990,
07/12/1990,
07/13/1990,
07/14/1990,
07/15/1990,
07/16/1990,
07/17/1990,
07/18/1990,
07/19/1990,
07/20/1990,
07/21/1990,
07/22/1990,
07/23/1990,
07/24/1990,
07/25/1990,
07/26/1990,
07/27/1990,
07/28/1990,
07/29/1990,
07/30/1990,
07/31/1990,
08/01/1990,
08/02/1990,
08/03/1990,
08/04/1990,
08/05/1990,
08/06/1990,
08/07/1990,
08/08/1990,
08/09/1990,
08/10/1990,
08/11/1990,
08/12/1990,
08/13/1990,
08/14/1990,
08/15/1990,
08/16/1990,
08/17/1990,
08/18/1990,
08/19/1990,
08/20/1990,
08/21/1990,
08/22/1990,
08/23/1990,
08/24/1990,
08/25/1990,
08/26/1990,
08/27/1990,
08/28/1990,
08/29/1990,
08/30/1990,
08/31/1990,
09/01/1990,
09/02/1990,
09/03/1990,
09/04/1990,
09/05/1990,
09/06/1990,
09/07/1990,
09/08/1990,
09/09/1990,
09/10/1990,
09/11/1990,
09/12/1990,
09/13/1990,
09/14/1990,
09/15/1990,
09/16/1990,
09/17/1990,
09/18/1990,
09/19/1990,
09/20/1990,
09/21/1990,
09/22/1990,
09/23/1990,
09/24/1990,
09/25/1990,
09/26/1990,
09/27/1990,
09/28/1990,
09/29/1990,
09/30/1990,
10/01/1990,
10/02/1990,
10/03/1990,
10/04/1990,
10/05/1990,
10/06/1990,
10/07/1990,
10/08/1990,
10/09/1990,
10/10/1990,
10/11/1990,
10/12/1990,
10/13/1990,
10/14/1990,
10/15/1990,
10/16/1990,
10/17/1990,
10/18/1990,
10/19/1990,
10/20/1990,
10/21/1990,
10/22/1990,
10/23/1990,
10/24/1990,
10/25/1990,
10/26/1990,
10/27/1990,
10/28/1990,
10/29/1990,
10/30/1990,
10/31/1990,
11/01/1990,
11/02/1990,
11/03/1990,
11/04/1990,
11/05/1990,
11/06/1990,
11/07/1990,
11/08/1990,
11/09/1990,
11/10/1990,
11/11/1990,
11/12/1990,
11/13/1990,
11/14/1990,
11/15/1990,
11/16/1990,
11/17/1990,
11/18/1990,
11/19/1990,
11/20/1990,
11/21/1990,
11/22/1990,
11/23/1990,
11/24/1990,
11/25/1990,
11/26/1990,
11/27/1990,
11/28/1990,
11/29/1990,
11/30/1990,
12/01/1990,
12/02/1990,
12/03/1990,
12/04/1990,
12/05/1990,
12/06/1990,
12/07/1990,
12/08/1990,
12/09/1990,
12/10/1990,
12/11/1990,
12/12/1990,
12/13/1990,
12/14/1990,
12/15/1990,
12/16/1990,
12/17/1990,
12/18/1990,
12/19/1990,
12/20/1990,
12/21/1990,
12/22/1990,
12/23/1990,
12/24/1990,
12/25/1990,
12/26/1990,
12/27/1990,
12/28/1990,
12/29/1990,
12/30/1990,
12/31/1990,
01/01/1991,
01/02/1991,
01/03/1991,
01/04/1991,
01/05/1991,
01/06/1991,
01/07/1991,
01/08/1991,
01/09/1991,
01/10/1991,
01/11/1991,
01/12/1991,
01/13/1991,
01/14/1991,
01/15/1991,
01/16/1991,
01/17/1991,
01/18/1991,
01/19/1991,
01/20/1991,
01/21/1991,
01/22/1991,
01/23/1991,
01/24/1991,
01/25/1991,
01/26/1991,
01/27/1991,
01/28/1991,
01/29/1991,
01/30/1991,
01/31/1991,
02/01/1991,
02/02/1991,
02/03/1991,
02/04/1991,
02/05/1991,
02/06/1991,
02/07/1991,
02/08/1991,
02/09/1991,
02/10/1991,
02/11/1991,
02/12/1991,
02/13/1991,
02/14/1991,
02/15/1991,
02/16/1991,
02/17/1991,
02/18/1991,
02/19/1991,
02/20/1991,
02/21/1991,
02/22/1991,
02/23/1991,
02/24/1991,
02/25/1991,
02/26/1991,
02/27/1991,
02/28/1991,
03/01/1991,
03/02/1991,
03/03/1991,
03/04/1991,
03/05/1991,
03/06/1991,
03/07/1991,
03/08/1991,
03/09/1991,
03/10/1991,
03/11/1991,
03/12/1991,
03/13/1991,
03/14/1991,
03/15/1991,
03/16/1991,
03/17/1991,
03/18/1991,
03/19/1991,
03/20/1991,
03/21/1991,
03/22/1991,
03/23/1991,
03/24/1991,
03/25/1991,
03/26/1991,
03/27/1991,
03/28/1991,
03/29/1991,
03/30/1991,
03/31/1991,
04/01/1991,
04/02/1991,
04/03/1991,
04/04/1991,
04/05/1991,
04/06/1991,
04/07/1991,
04/08/1991,
04/09/1991,
04/10/1991,
04/11/1991,
04/12/1991,
04/13/1991,
04/14/1991,
04/15/1991,
04/16/1991,
04/17/1991,
04/18/1991,
04/19/1991,
04/20/1991,
04/21/1991,
04/22/1991,
04/23/1991,
04/24/1991,
04/25/1991,
04/26/1991,
04/27/1991,
04/28/1991,
04/29/1991,
04/30/1991,
05/01/1991,
05/02/1991,
05/03/1991,
05/04/1991,
05/05/1991,
05/06/1991,
05/07/1991,
05/08/1991,
05/09/1991,
05/10/1991,
05/11/1991,
05/12/1991,
05/13/1991,
05/14/1991,
05/15/1991,
05/16/1991,
05/17/1991,
05/18/1991,
05/19/1991,
05/20/1991,
05/21/1991,
05/22/1991,
05/23/1991,
05/24/1991,
05/25/1991,
05/26/1991,
05/27/1991,
05/28/1991,
05/29/1991,
05/30/1991,
05/31/1991,
06/01/1991,
06/02/1991,
06/03/1991,
06/04/1991,
06/05/1991,
06/06/1991,
06/07/1991,
06/08/1991,
06/09/1991,
06/10/1991,
06/11/1991,
06/12/1991,
06/13/1991,
06/14/1991,
06/15/1991,
06/16/1991,
06/17/1991,
06/18/1991,
06/19/1991,
06/20/1991,
06/21/1991,
06/22/1991,
06/23/1991,
06/24/1991,
06/25/1991,
06/26/1991,
06/27/1991,
06/28/1991,
06/29/1991,
06/30/1991,
07/01/1991,
07/02/1991,
07/03/1991,
07/04/1991,
07/05/1991,
07/06/1991,
07/07/1991,
07/08/1991,
07/09/1991,
07/10/1991,
07/11/1991,
07/12/1991,
07/13/1991,
07/14/1991,
07/15/1991,
07/16/1991,
07/17/1991,
07/18/1991,
07/19/1991,
07/20/1991,
07/21/1991,
07/22/1991,
07/23/1991,
07/24/1991,
07/25/1991,
07/26/1991,
07/27/1991,
07/28/1991,
07/29/1991,
07/30/1991,
07/31/1991,
08/01/1991,
08/02/1991,
08/03/1991,
08/04/1991,
08/05/1991,
08/06/1991,
08/07/1991,
08/08/1991,
08/09/1991,
08/10/1991,
08/11/1991,
08/12/1991,
08/13/1991,
08/14/1991,
08/15/1991,
08/16/1991,
08/17/1991,
08/18/1991,
08/19/1991,
08/20/1991,
08/21/1991,
08/22/1991,
08/23/1991,
08/24/1991,
08/25/1991,
08/26/1991,
08/27/1991,
08/28/1991,
08/29/1991,
08/30/1991,
08/31/1991,
09/01/1991,
09/02/1991,
09/03/1991,
09/04/1991,
09/05/1991,
09/06/1991,
09/07/1991,
09/08/1991,
09/09/1991,
09/10/1991,
09/11/1991,
09/12/1991,
09/13/1991,
09/14/1991,
09/15/1991,
09/16/1991,
09/17/1991,
09/18/1991,
09/19/1991,
09/20/1991,
09/21/1991,
09/22/1991,
09/23/1991,
09/24/1991,
09/25/1991,
09/26/1991,
09/27/1991,
09/28/1991,
09/29/1991,
09/30/1991,
10/01/1991,
10/02/1991,
10/03/1991,
10/04/1991,
10/05/1991,
10/06/1991,
10/07/1991,
10/08/1991,
10/09/1991,
10/10/1991,
10/11/1991,
10/12/1991,
10/13/1991,
10/14/1991,
10/15/1991,
10/16/1991,
10/17/1991,
10/18/1991,
10/19/1991,
10/20/1991,
10/21/1991,
10/22/1991,
10/23/1991,
10/24/1991,
10/25/1991,
10/26/1991,
10/27/1991,
10/28/1991,
10/29/1991,
10/30/1991,
10/31/1991,
11/01/1991,
11/02/1991,
11/03/1991,
11/04/1991,
11/05/1991,
11/06/1991,
11/07/1991,
11/08/1991,
11/09/1991,
11/10/1991,
11/11/1991,
11/12/1991,
11/13/1991,
11/14/1991,
11/15/1991,
11/16/1991,
11/17/1991,
11/18/1991,
11/19/1991,
11/20/1991,
11/21/1991,
11/22/1991,
11/23/1991,
11/24/1991,
11/25/1991,
11/26/1991,
11/27/1991,
11/28/1991,
11/29/1991,
11/30/1991,
12/01/1991,
12/02/1991,
12/03/1991,
12/04/1991,
12/05/1991,
12/06/1991,
12/07/1991,
12/08/1991,
12/09/1991,
12/10/1991,
12/11/1991,
12/12/1991,
12/13/1991,
12/14/1991,
12/15/1991,
12/16/1991,
12/17/1991,
12/18/1991,
12/19/1991,
12/20/1991,
12/21/1991,
12/22/1991,
12/23/1991,
12/24/1991,
12/25/1991,
12/26/1991,
12/27/1991,
12/28/1991,
12/29/1991,
12/30/1991,
12/31/1991,
01/01/1992,
01/02/1992,
01/03/1992,
01/04/1992,
01/05/1992,
01/06/1992,
01/07/1992,
01/08/1992,
01/09/1992,
01/10/1992,
01/11/1992,
01/12/1992,
01/13/1992,
01/14/1992,
01/15/1992,
01/16/1992,
01/17/1992,
01/18/1992,
01/19/1992,
01/20/1992,
01/21/1992,
01/22/1992,
01/23/1992,
01/24/1992,
01/25/1992,
01/26/1992,
01/27/1992,
01/28/1992,
01/29/1992,
01/30/1992,
01/31/1992,
02/01/1992,
02/02/1992,
02/03/1992,
02/04/1992,
02/05/1992,
02/06/1992,
02/07/1992,
02/08/1992,
02/09/1992,
02/10/1992,
02/11/1992,
02/12/1992,
02/13/1992,
02/14/1992,
02/15/1992,
02/16/1992,
02/17/1992,
02/18/1992,
02/19/1992,
02/20/1992,
02/21/1992,
02/22/1992,
02/23/1992,
02/24/1992,
02/25/1992,
02/26/1992,
02/27/1992,
02/28/1992,
02/29/1992,
03/01/1992,
03/02/1992,
03/03/1992,
03/04/1992,
03/05/1992,
03/06/1992,
03/07/1992,
03/08/1992,
03/09/1992,
03/10/1992,
03/11/1992,
03/12/1992,
03/13/1992,
03/14/1992,
03/15/1992,
03/16/1992,
03/17/1992,
03/18/1992,
03/19/1992,
03/20/1992,
03/21/1992,
03/22/1992,
03/23/1992,
03/24/1992,
03/25/1992,
03/26/1992,
03/27/1992,
03/28/1992,
03/29/1992,
03/30/1992,
03/31/1992,
04/01/1992,
04/02/1992,
04/03/1992,
04/04/1992,
04/05/1992,
04/06/1992,
04/07/1992,
04/08/1992,
04/09/1992,
04/10/1992,
04/11/1992,
04/12/1992,
04/13/1992,
04/14/1992,
04/15/1992,
04/16/1992,
04/17/1992,
04/18/1992,
04/19/1992,
04/20/1992,
04/21/1992,
04/22/1992,
04/23/1992,
04/24/1992,
04/25/1992,
04/26/1992,
04/27/1992,
04/28/1992,
04/29/1992,
04/30/1992,
05/01/1992,
05/02/1992,
05/03/1992,
05/04/1992,
05/05/1992,
05/06/1992,
05/07/1992,
05/08/1992,
05/09/1992,
05/10/1992,
05/11/1992,
05/12/1992,
05/13/1992,
05/14/1992,
05/15/1992,
05/16/1992,
05/17/1992,
05/18/1992,
05/19/1992,
05/20/1992,
05/21/1992,
05/22/1992,
05/23/1992,
05/24/1992,
05/25/1992,
05/26/1992,
05/27/1992,
05/28/1992,
05/29/1992,
05/30/1992,
05/31/1992,
06/01/1992,
06/02/1992,
06/03/1992,
06/04/1992,
06/05/1992,
06/06/1992,
06/07/1992,
06/08/1992,
06/09/1992,
06/10/1992,
06/11/1992,
06/12/1992,
06/13/1992,
06/14/1992,
06/15/1992,
06/16/1992,
06/17/1992,
06/18/1992,
06/19/1992,
06/20/1992,
06/21/1992,
06/22/1992,
06/23/1992,
06/24/1992,
06/25/1992,
06/26/1992,
06/27/1992,
06/28/1992,
06/29/1992,
06/30/1992,
07/01/1992,
07/02/1992,
07/03/1992,
07/04/1992,
07/05/1992,
07/06/1992,
07/07/1992,
07/08/1992,
07/09/1992,
07/10/1992,
07/11/1992,
07/12/1992,
07/13/1992,
07/14/1992,
07/15/1992,
07/16/1992,
07/17/1992,
07/18/1992,
07/19/1992,
07/20/1992,
07/21/1992,
07/22/1992,
07/23/1992,
07/24/1992,
07/25/1992,
07/26/1992,
07/27/1992,
07/28/1992,
07/29/1992,
07/30/1992,
07/31/1992,
08/01/1992,
08/02/1992,
08/03/1992,
08/04/1992,
08/05/1992,
08/06/1992,
08/07/1992,
08/08/1992,
08/09/1992,
08/10/1992,
08/11/1992,
08/12/1992,
08/13/1992,
08/14/1992,
08/15/1992,
08/16/1992,
08/17/1992,
08/18/1992,
08/19/1992,
08/20/1992,
08/21/1992,
08/22/1992,
08/23/1992,
08/24/1992,
08/25/1992,
08/26/1992,
08/27/1992,
08/28/1992,
08/29/1992,
08/30/1992,
08/31/1992,
09/01/1992,
09/02/1992,
09/03/1992,
09/04/1992,
09/05/1992,
09/06/1992,
09/07/1992,
09/08/1992,
09/09/1992,
09/10/1992,
09/11/1992,
09/12/1992,
09/13/1992,
09/14/1992,
09/15/1992,
09/16/1992,
09/17/1992,
09/18/1992,
09/19/1992,
09/20/1992,
09/21/1992,
09/22/1992,
09/23/1992,
09/24/1992,
09/25/1992,
09/26/1992,
09/27/1992,
09/28/1992,
09/29/1992,
09/30/1992,
10/01/1992,
10/02/1992,
10/03/1992,
10/04/1992,
10/05/1992,
10/06/1992,
10/07/1992,
10/08/1992,
10/09/1992,
10/10/1992,
10/11/1992,
10/12/1992,
10/13/1992,
10/14/1992,
10/15/1992,
10/16/1992,
10/17/1992,
10/18/1992,
10/19/1992,
10/20/1992,
10/21/1992,
10/22/1992,
10/23/1992,
10/24/1992,
10/25/1992,
10/26/1992,
10/27/1992,
10/28/1992,
10/29/1992,
10/30/1992,
10/31/1992,
11/01/1992,
11/02/1992,
11/03/1992,
11/04/1992,
11/05/1992,
11/06/1992,
11/07/1992,
11/08/1992,
11/09/1992,
11/10/1992,
11/11/1992,
11/12/1992,
11/13/1992,
11/14/1992,
11/15/1992,
11/16/1992,
11/17/1992,
11/18/1992,
11/19/1992,
11/20/1992,
11/21/1992,
11/22/1992,
11/23/1992,
11/24/1992,
11/25/1992,
11/26/1992,
11/27/1992,
11/28/1992,
11/29/1992,
11/30/1992,
12/01/1992,
12/02/1992,
12/03/1992,
12/04/1992,
12/05/1992,
12/06/1992,
12/07/1992,
12/08/1992,
12/09/1992,
12/10/1992,
12/11/1992,
12/12/1992,
12/13/1992,
12/14/1992,
12/15/1992,
12/16/1992,
12/17/1992,
12/18/1992,
12/19/1992,
12/20/1992,
12/21/1992,
12/22/1992,
12/23/1992,
12/24/1992,
12/25/1992,
12/26/1992,
12/27/1992,
12/28/1992,
12/29/1992,
12/30/1992,
12/31/1992,
01/01/1993,
01/02/1993,
01/03/1993,
01/04/1993,
01/05/1993,
01/06/1993,
01/07/1993,
01/08/1993,
01/09/1993,
01/10/1993,
01/11/1993,
01/12/1993,
01/13/1993,
01/14/1993,
01/15/1993,
01/16/1993,
01/17/1993,
01/18/1993,
01/19/1993,
01/20/1993,
01/21/1993,
01/22/1993,
01/23/1993,
01/24/1993,
01/25/1993,
01/26/1993,
01/27/1993,
01/28/1993,
01/29/1993,
01/30/1993,
01/31/1993,
02/01/1993,
02/02/1993,
02/03/1993,
02/04/1993,
02/05/1993,
02/06/1993,
02/07/1993,
02/08/1993,
02/09/1993,
02/10/1993,
02/11/1993,
02/12/1993,
02/13/1993,
02/14/1993,
02/15/1993,
02/16/1993,
02/17/1993,
02/18/1993,
02/19/1993,
02/20/1993,
02/21/1993,
02/22/1993,
02/23/1993,
02/24/1993,
02/25/1993,
02/26/1993,
02/27/1993,
02/28/1993,
03/01/1993,
03/02/1993,
03/03/1993,
03/04/1993,
03/05/1993,
03/06/1993,
03/07/1993,
03/08/1993,
03/09/1993,
03/10/1993,
03/11/1993,
03/12/1993,
03/13/1993,
03/14/1993,
03/15/1993,
03/16/1993,
03/17/1993,
03/18/1993,
03/19/1993,
03/20/1993,
03/21/1993,
03/22/1993,
03/23/1993,
03/24/1993,
03/25/1993,
03/26/1993,
03/27/1993,
03/28/1993,
03/29/1993,
03/30/1993,
03/31/1993,
04/01/1993,
04/02/1993,
04/03/1993,
04/04/1993,
04/05/1993,
04/06/1993,
04/07/1993,
04/08/1993,
04/09/1993,
04/10/1993,
04/11/1993,
04/12/1993,
04/13/1993,
04/14/1993,
04/15/1993,
04/16/1993,
04/17/1993,
04/18/1993,
04/19/1993,
04/20/1993,
04/21/1993,
04/22/1993,
04/23/1993,
04/24/1993,
04/25/1993,
04/26/1993,
04/27/1993,
04/28/1993,
04/29/1993,
04/30/1993,
05/01/1993,
05/02/1993,
05/03/1993,
05/04/1993,
05/05/1993,
05/06/1993,
05/07/1993,
05/08/1993,
05/09/1993,
05/10/1993,
05/11/1993,
05/12/1993,
05/13/1993,
05/14/1993,
05/15/1993,
05/16/1993,
05/17/1993,
05/18/1993,
05/19/1993,
05/20/1993,
05/21/1993,
05/22/1993,
05/23/1993,
05/24/1993,
05/25/1993,
05/26/1993,
05/27/1993,
05/28/1993,
05/29/1993,
05/30/1993,
05/31/1993,
06/01/1993,
06/02/1993,
06/03/1993,
06/04/1993,
06/05/1993,
06/06/1993,
06/07/1993,
06/08/1993,
06/09/1993,
06/10/1993,
06/11/1993,
06/12/1993,
06/13/1993,
06/14/1993,
06/15/1993,
06/16/1993,
06/17/1993,
06/18/1993,
06/19/1993,
06/20/1993,
06/21/1993,
06/22/1993,
06/23/1993,
06/24/1993,
06/25/1993,
06/26/1993,
06/27/1993,
06/28/1993,
06/29/1993,
06/30/1993,
07/01/1993,
07/02/1993,
07/03/1993,
07/04/1993,
07/05/1993,
07/06/1993,
07/07/1993,
07/08/1993,
07/09/1993,
07/10/1993,
07/11/1993,
07/12/1993,
07/13/1993,
07/14/1993,
07/15/1993,
07/16/1993,
07/17/1993,
07/18/1993,
07/19/1993,
07/20/1993,
07/21/1993,
07/22/1993,
07/23/1993,
07/24/1993,
07/25/1993,
07/26/1993,
07/27/1993,
07/28/1993,
07/29/1993,
07/30/1993,
07/31/1993,
08/01/1993,
08/02/1993,
08/03/1993,
08/04/1993,
08/05/1993,
08/06/1993,
08/07/1993,
08/08/1993,
08/09/1993,
08/10/1993,
08/11/1993,
08/12/1993,
08/13/1993,
08/14/1993,
08/15/1993,
08/16/1993,
08/17/1993,
08/18/1993,
08/19/1993,
08/20/1993,
08/21/1993,
08/22/1993,
08/23/1993,
08/24/1993,
08/25/1993,
08/26/1993,
08/27/1993,
08/28/1993,
08/29/1993,
08/30/1993,
08/31/1993,
09/01/1993,
09/02/1993,
09/03/1993,
09/04/1993,
09/05/1993,
09/06/1993,
09/07/1993,
09/08/1993,
09/09/1993,
09/10/1993,
09/11/1993,
09/12/1993,
09/13/1993,
09/14/1993,
09/15/1993,
09/16/1993,
09/17/1993,
09/18/1993,
09/19/1993,
09/20/1993,
09/21/1993,
09/22/1993,
09/23/1993,
09/24/1993,
09/25/1993,
09/26/1993,
09/27/1993,
09/28/1993,
09/29/1993,
09/30/1993,
10/01/1993,
10/02/1993,
10/03/1993,
10/04/1993,
10/05/1993,
10/06/1993,
10/07/1993,
10/08/1993,
10/09/1993,
10/10/1993,
10/11/1993,
10/12/1993,
10/13/1993,
10/14/1993,
10/15/1993,
10/16/1993,
10/17/1993,
10/18/1993,
10/19/1993,
10/20/1993,
10/21/1993,
10/22/1993,
10/23/1993,
10/24/1993,
10/25/1993,
10/26/1993,
10/27/1993,
10/28/1993,
10/29/1993,
10/30/1993,
10/31/1993,
11/01/1993,
11/02/1993,
11/03/1993,
11/04/1993,
11/05/1993,
11/06/1993,
11/07/1993,
11/08/1993,
11/09/1993,
11/10/1993,
11/11/1993,
11/12/1993,
11/13/1993,
11/14/1993,
11/15/1993,
11/16/1993,
11/17/1993,
11/18/1993,
11/19/1993,
11/20/1993,
11/21/1993,
11/22/1993,
11/23/1993,
11/24/1993,
11/25/1993,
11/26/1993,
11/27/1993,
11/28/1993,
11/29/1993,
11/30/1993,
12/01/1993,
12/02/1993,
12/03/1993,
12/04/1993,
12/05/1993,
12/06/1993,
12/07/1993,
12/08/1993,
12/09/1993,
12/10/1993,
12/11/1993,
12/12/1993,
12/13/1993,
12/14/1993,
12/15/1993,
12/16/1993,
12/17/1993,
12/18/1993,
12/19/1993,
12/20/1993,
12/21/1993,
12/22/1993,
12/23/1993,
12/24/1993,
12/25/1993,
12/26/1993,
12/27/1993,
12/28/1993,
12/29/1993,
12/30/1993,
12/31/1993,
01/01/1994,
01/02/1994,
01/03/1994,
01/04/1994,
01/05/1994,
01/06/1994,
01/07/1994,
01/08/1994,
01/09/1994,
01/10/1994,
01/11/1994,
01/12/1994,
01/13/1994,
01/14/1994,
01/15/1994,
01/16/1994,
01/17/1994,
01/18/1994,
01/19/1994,
01/20/1994,
01/21/1994,
01/22/1994,
01/23/1994,
01/24/1994,
01/25/1994,
01/26/1994,
01/27/1994,
01/28/1994,
01/29/1994,
01/30/1994,
01/31/1994,
02/01/1994,
02/02/1994,
02/03/1994,
02/04/1994,
02/05/1994,
02/06/1994,
02/07/1994,
02/08/1994,
02/09/1994,
02/10/1994,
02/11/1994,
02/12/1994,
02/13/1994,
02/14/1994,
02/15/1994,
02/16/1994,
02/17/1994,
02/18/1994,
02/19/1994,
02/20/1994,
02/21/1994,
02/22/1994,
02/23/1994,
02/24/1994,
02/25/1994,
02/26/1994,
02/27/1994,
02/28/1994,
03/01/1994,
03/02/1994,
03/03/1994,
03/04/1994,
03/05/1994,
03/06/1994,
03/07/1994,
03/08/1994,
03/09/1994,
03/10/1994,
03/11/1994,
03/12/1994,
03/13/1994,
03/14/1994,
03/15/1994,
03/16/1994,
03/17/1994,
03/18/1994,
03/19/1994,
03/20/1994,
03/21/1994,
03/22/1994,
03/23/1994,
03/24/1994,
03/25/1994,
03/26/1994,
03/27/1994,
03/28/1994,
03/29/1994,
03/30/1994,
03/31/1994,
04/01/1994,
04/02/1994,
04/03/1994,
04/04/1994,
04/05/1994,
04/06/1994,
04/07/1994,
04/08/1994,
04/09/1994,
04/10/1994,
04/11/1994,
04/12/1994,
04/13/1994,
04/14/1994,
04/15/1994,
04/16/1994,
04/17/1994,
04/18/1994,
04/19/1994,
04/20/1994,
04/21/1994,
04/22/1994,
04/23/1994,
04/24/1994,
04/25/1994,
04/26/1994,
04/27/1994,
04/28/1994,
04/29/1994,
04/30/1994,
05/01/1994,
05/02/1994,
05/03/1994,
05/04/1994,
05/05/1994,
05/06/1994,
05/07/1994,
05/08/1994,
05/09/1994,
05/10/1994,
05/11/1994,
05/12/1994,
05/13/1994,
05/14/1994,
05/15/1994,
05/16/1994,
05/17/1994,
05/18/1994,
05/19/1994,
05/20/1994,
05/21/1994,
05/22/1994,
05/23/1994,
05/24/1994,
05/25/1994,
05/26/1994,
05/27/1994,
05/28/1994,
05/29/1994,
05/30/1994,
05/31/1994,
06/01/1994,
06/02/1994,
06/03/1994,
06/04/1994,
06/05/1994,
06/06/1994,
06/07/1994,
06/08/1994,
06/09/1994,
06/10/1994,
06/11/1994,
06/12/1994,
06/13/1994,
06/14/1994,
06/15/1994,
06/16/1994,
06/17/1994,
06/18/1994,
06/19/1994,
06/20/1994,
06/21/1994,
06/22/1994,
06/23/1994,
06/24/1994,
06/25/1994,
06/26/1994,
06/27/1994,
06/28/1994,
06/29/1994,
06/30/1994,
07/01/1994,
07/02/1994,
07/03/1994,
07/04/1994,
07/05/1994,
07/06/1994,
07/07/1994,
07/08/1994,
07/09/1994,
07/10/1994,
07/11/1994,
07/12/1994,
07/13/1994,
07/14/1994,
07/15/1994,
07/16/1994,
07/17/1994,
07/18/1994,
07/19/1994,
07/20/1994,
07/21/1994,
07/22/1994,
07/23/1994,
07/24/1994,
07/25/1994,
07/26/1994,
07/27/1994,
07/28/1994,
07/29/1994,
07/30/1994,
07/31/1994,
08/01/1994,
08/02/1994,
08/03/1994,
08/04/1994,
08/05/1994,
08/06/1994,
08/07/1994,
08/08/1994,
08/09/1994,
08/10/1994,
08/11/1994,
08/12/1994,
08/13/1994,
08/14/1994,
08/15/1994,
08/16/1994,
08/17/1994,
08/18/1994,
08/19/1994,
08/20/1994,
08/21/1994,
08/22/1994,
08/23/1994,
08/24/1994,
08/25/1994,
08/26/1994,
08/27/1994,
08/28/1994,
08/29/1994,
08/30/1994,
08/31/1994,
09/01/1994,
09/02/1994,
09/03/1994,
09/04/1994,
09/05/1994,
09/06/1994,
09/07/1994,
09/08/1994,
09/09/1994,
09/10/1994,
09/11/1994,
09/12/1994,
09/13/1994,
09/14/1994,
09/15/1994,
09/16/1994,
09/17/1994,
09/18/1994,
09/19/1994,
09/20/1994,
09/21/1994,
09/22/1994,
09/23/1994,
09/24/1994,
09/25/1994,
09/26/1994,
09/27/1994,
09/28/1994,
09/29/1994,
09/30/1994,
10/01/1994,
10/02/1994,
10/03/1994,
10/04/1994,
10/05/1994,
10/06/1994,
10/07/1994,
10/08/1994,
10/09/1994,
10/10/1994,
10/11/1994,
10/12/1994,
10/13/1994,
10/14/1994,
10/15/1994,
10/16/1994,
10/17/1994,
10/18/1994,
10/19/1994,
10/20/1994,
10/21/1994,
10/22/1994,
10/23/1994,
10/24/1994,
10/25/1994,
10/26/1994,
10/27/1994,
10/28/1994,
10/29/1994,
10/30/1994,
10/31/1994,
11/01/1994,
11/02/1994,
11/03/1994,
11/04/1994,
11/05/1994,
11/06/1994,
11/07/1994,
11/08/1994,
11/09/1994,
11/10/1994,
11/11/1994,
11/12/1994,
11/13/1994,
11/14/1994,
11/15/1994,
11/16/1994,
11/17/1994,
11/18/1994,
11/19/1994,
11/20/1994,
11/21/1994,
11/22/1994,
11/23/1994,
11/24/1994,
11/25/1994,
11/26/1994,
11/27/1994,
11/28/1994,
11/29/1994,
11/30/1994,
12/01/1994,
12/02/1994,
12/03/1994,
12/04/1994,
12/05/1994,
12/06/1994,
12/07/1994,
12/08/1994,
12/09/1994,
12/10/1994,
12/11/1994,
12/12/1994,
12/13/1994,
12/14/1994,
12/15/1994,
12/16/1994,
12/17/1994,
12/18/1994,
12/19/1994,
12/20/1994,
12/21/1994,
12/22/1994,
12/23/1994,
12/24/1994,
12/25/1994,
12/26/1994,
12/27/1994,
12/28/1994,
12/29/1994,
12/30/1994,
12/31/1994,
01/01/1995,
01/02/1995,
01/03/1995,
01/04/1995,
01/05/1995,
01/06/1995,
01/07/1995,
01/08/1995,
01/09/1995,
01/10/1995,
01/11/1995,
01/12/1995,
01/13/1995,
01/14/1995,
01/15/1995,
01/16/1995,
01/17/1995,
01/18/1995,
01/19/1995,
01/20/1995,
01/21/1995,
01/22/1995,
01/23/1995,
01/24/1995,
01/25/1995,
01/26/1995,
01/27/1995,
01/28/1995,
01/29/1995,
01/30/1995,
01/31/1995,
02/01/1995,
02/02/1995,
02/03/1995,
02/04/1995,
02/05/1995,
02/06/1995,
02/07/1995,
02/08/1995,
02/09/1995,
02/10/1995,
02/11/1995,
02/12/1995,
02/13/1995,
02/14/1995,
02/15/1995,
02/16/1995,
02/17/1995,
02/18/1995,
02/19/1995,
02/20/1995,
02/21/1995,
02/22/1995,
02/23/1995,
02/24/1995,
02/25/1995,
02/26/1995,
02/27/1995,
02/28/1995,
03/01/1995,
03/02/1995,
03/03/1995,
03/04/1995,
03/05/1995,
03/06/1995,
03/07/1995,
03/08/1995,
03/09/1995,
03/10/1995,
03/11/1995,
03/12/1995,
03/13/1995,
03/14/1995,
03/15/1995,
03/16/1995,
03/17/1995,
03/18/1995,
03/19/1995,
03/20/1995,
03/21/1995,
03/22/1995,
03/23/1995,
03/24/1995,
03/25/1995,
03/26/1995,
03/27/1995,
03/28/1995,
03/29/1995,
03/30/1995,
03/31/1995,
04/01/1995,
04/02/1995,
04/03/1995,
04/04/1995,
04/05/1995,
04/06/1995,
04/07/1995,
04/08/1995,
04/09/1995,
04/10/1995,
04/11/1995,
04/12/1995,
04/13/1995,
04/14/1995,
04/15/1995,
04/16/1995,
04/17/1995,
04/18/1995,
04/19/1995,
04/20/1995,
04/21/1995,
04/22/1995,
04/23/1995,
04/24/1995,
04/25/1995,
04/26/1995,
04/27/1995,
04/28/1995,
04/29/1995,
04/30/1995,
05/01/1995,
05/02/1995,
05/03/1995,
05/04/1995,
05/05/1995,
05/06/1995,
05/07/1995,
05/08/1995,
05/09/1995,
05/10/1995,
05/11/1995,
05/12/1995,
05/13/1995,
05/14/1995,
05/15/1995,
05/16/1995,
05/17/1995,
05/18/1995,
05/19/1995,
05/20/1995,
05/21/1995,
05/22/1995,
05/23/1995,
05/24/1995,
05/25/1995,
05/26/1995,
05/27/1995,
05/28/1995,
05/29/1995,
05/30/1995,
05/31/1995,
06/01/1995,
06/02/1995,
06/03/1995,
06/04/1995,
06/05/1995,
06/06/1995,
06/07/1995,
06/08/1995,
06/09/1995,
06/10/1995,
06/11/1995,
06/12/1995,
06/13/1995,
06/14/1995,
06/15/1995,
06/16/1995,
06/17/1995,
06/18/1995,
06/19/1995,
06/20/1995,
06/21/1995,
06/22/1995,
06/23/1995,
06/24/1995,
06/25/1995,
06/26/1995,
06/27/1995,
06/28/1995,
06/29/1995,
06/30/1995,
07/01/1995,
07/02/1995,
07/03/1995,
07/04/1995,
07/05/1995,
07/06/1995,
07/07/1995,
07/08/1995,
07/09/1995,
07/10/1995,
07/11/1995,
07/12/1995,
07/13/1995,
07/14/1995,
07/15/1995,
07/16/1995,
07/17/1995,
07/18/1995,
07/19/1995,
07/20/1995,
07/21/1995,
07/22/1995,
07/23/1995,
07/24/1995,
07/25/1995,
07/26/1995,
07/27/1995,
07/28/1995,
07/29/1995,
07/30/1995,
07/31/1995,
08/01/1995,
08/02/1995,
08/03/1995,
08/04/1995,
08/05/1995,
08/06/1995,
08/07/1995,
08/08/1995,
08/09/1995,
08/10/1995,
08/11/1995,
08/12/1995,
08/13/1995,
08/14/1995,
08/15/1995,
08/16/1995,
08/17/1995,
08/18/1995,
08/19/1995,
08/20/1995,
08/21/1995,
08/22/1995,
08/23/1995,
08/24/1995,
08/25/1995,
08/26/1995,
08/27/1995,
08/28/1995,
08/29/1995,
08/30/1995,
08/31/1995,
09/01/1995,192.612
09/02/1995,202.744
09/03/1995,202.336
09/04/1995,197.483
09/05/1995,193.883
09/06/1995,182.6
09/07/1995,154.887
09/08/1995,134.84
09/09/1995,116.497
09/10/1995,108.616
09/11/1995,81.545
09/12/1995,46.018
09/13/1995,31.934
09/14/1995,29.765
09/15/1995,55.205
09/16/1995,58.281
09/17/1995,29.765
09/18/1995,24.641
09/19/1995,25.998
09/20/1995,36.087
09/21/1995,26.053
09/22/1995,12.763
09/23/1995,
09/24/1995,
09/25/1995,
09/26/1995,
09/27/1995,
09/28/1995,
09/29/1995,
09/30/1995,
10/01/1995,
10/02/1995,
10/03/1995,
10/04/1995,
10/05/1995,
10/06/1995,
10/07/1995,
10/08/1995,
10/09/1995,
10/10/1995,
10/11/1995,
10/12/1995,
10/13/1995,
10/14/1995,
10/15/1995,
10/16/1995,
10/17/1995,
10/18/1995,
10/19/1995,
10/20/1995,
10/21/1995,
10/22/1995,
10/23/1995,
10/24/1995,
10/25/1995,
10/26/1995,
10/27/1995,
10/28/1995,
10/29/1995,
10/30/1995,
10/31/1995,
11/01/1995,
11/02/1995,
11/03/1995,
11/04/1995,
11/05/1995,
11/06/1995,
11/07/1995,
11/08/1995,
11/09/1995,
11/10/1995,
11/11/1995,
11/12/1995,
11/13/1995,
11/14/1995,
11/15/1995,
11/16/1995,
11/17/1995,
11/18/1995,
11/19/1995,
11/20/1995,
11/21/1995,
11/22/1995,
11/23/1995,
11/24/1995,
11/25/1995,
11/26/1995,
11/27/1995,
11/28/1995,
11/29/1995,
11/30/1995,
12/01/1995,
12/02/1995,
12/03/1995,
12/04/1995,
12/05/1995,
12/06/1995,
12/07/1995,
12/08/1995,
12/09/1995,
12/10/1995,
12/11/1995,
12/12/1995,
12/13/1995,
12/14/1995,
12/15/1995,
12/16/1995,
12/17/1995,
12/18/1995,
12/19/1995,
12/20/1995,
12/21/1995,
12/22/1995,
12/23/1995,
12/24/1995,
12/25/1995,
12/26/1995,
12/27/1995,
12/28/1995,
12/29/1995,
12/30/1995,
12/31/1995,
01/01/1996,
01/02/1996,
01/03/1996,
01/04/1996,
01/05/1996,
01/06/1996,
01/07/1996,
01/08/1996,
01/09/1996,
01/10/1996,
01/11/1996,
01/12/1996,
01/13/1996,
01/14/1996,
01/15/1996,
01/16/1996,
01/17/1996,
01/18/1996,
01/19/1996,
01/20/1996,
01/21/1996,
01/22/1996,
01/23/1996,
01/24/1996,
01/25/1996,
01/26/1996,
01/27/1996,
01/28/1996,
01/29/1996,
01/30/1996,
01/31/1996,
02/01/1996,
02/02/1996,
02/03/1996,
02/04/1996,
02/05/1996,
02/06/1996,
02/07/1996,
02/08/1996,
02/09/1996,
02/10/1996,
02/11/1996,
02/12/1996,
02/13/1996,
02/14/1996,
02/15/1996,
02/16/1996,
02/17/1996,
02/18/1996,
02/19/1996,
02/20/1996,
02/21/1996,
02/22/1996,
02/23/1996,
02/24/1996,
02/25/1996,
02/26/1996,
02/27/1996,
02/28/1996,
02/29/1996,
03/01/1996,
03/02/1996,
03/03/1996,
03/04/1996,
03/05/1996,
03/06/1996,
03/07/1996,
03/08/1996,
03/09/1996,
03/10/1996,
03/11/1996,
03/12/1996,
03/13/1996,
03/14/1996,
03/15/1996,
03/16/1996,
03/17/1996,
03/18/1996,
03/19/1996,
03/20/1996,
03/21/1996,
03/22/1996,
03/23/1996,
03/24/1996,
03/25/1996,
03/26/1996,
03/27/1996,
03/28/1996,
03/29/1996,
03/30/1996,
03/31/1996,
04/01/1996,
04/02/1996,
04/03/1996,
04/04/1996,
04/05/1996,
04/06/1996,
04/07/1996,
04/08/1996,
04/09/1996,
04/10/1996,
04/11/1996,
04/12/1996,
04/13/1996,
04/14/1996,
04/15/1996,
04/16/1996,
04/17/1996,
04/18/1996,
04/19/1996,
04/20/1996,
04/21/1996,
04/22/1996,
04/23/1996,
04/24/1996,
04/25/1996,
04/26/1996,
04/27/1996,
04/28/1996,
04/29/1996,
04/30/1996,
05/01/1996,
05/02/1996,
05/03/1996,
05/04/1996,
05/05/1996,
05/06/1996,
05/07/1996,
05/08/1996,
05/09/1996,
05/10/1996,
05/11/1996,
05/12/1996,
05/13/1996,
05/14/1996,
05/15/1996,
05/16/1996,
05/17/1996,
05/18/1996,
05/19/1996,
05/20/1996,
05/21/1996,
05/22/1996,
05/23/1996,
05/24/1996,
05/25/1996,
05/26/1996,
05/27/1996,
05/28/1996,
05/29/1996,
05/30/1996,
05/31/1996,
06/01/1996,
06/02/1996,
06/03/1996,
06/04/1996,
06/05/1996,
06/06/1996,
06/07/1996,
06/08/1996,
06/09/1996,
06/10/1996,
06/11/1996,
06/12/1996,
06/13/1996,
06/14/1996,
06/15/1996,
06/16/1996,
06/17/1996,
06/18/1996,
06/19/1996,
06/20/1996,
06/21/1996,
06/22/1996,
06/23/1996,
06/24/1996,
06/25/1996,
06/26/1996,
06/27/1996,
06/28/1996,
06/29/1996,
06/30/1996,
07/01/1996,0.0
07/02/1996,0.0
07/03/1996,0.0
07/04/1996,0.0
07/05/1996,0.0
07/06/1996,0.0
07/07/1996,0.0
07/08/1996,0.0
07/09/1996,0.0
07/10/1996,0.0
07/11/1996,0.0
07/12/1996,0.0
07/13/1996,0.0
07/14/1996,0.0
07/15/1996,0.0
07/16/1996,0.0
07/17/1996,0.0
07/18/1996,0.0
07/19/1996,0.0
07/20/1996,0.0
07/21/1996,0.0
07/22/1996,0.0
07/23/1996,0.0
07/24/1996,0.0
07/25/1996,0.0
07/26/1996,0.0
07/27/1996,0.0
07/28/1996,0.0
07/29/1996,0.0
07/30/1996,0.0
07/31/1996,0.0
08/01/1996,0.0
08/02/1996,0.0
08/03/1996,0.0
08/04/1996,0.0
08/05/1996,0.0
08/06/1996,0.0
08/07/1996,0.0
08/08/1996,1.759
08/09/1996,7.898
08/10/1996,15.182
08/11/1996,33.534
08/12/1996,19.215
08/13/1996,17.567
08/14/1996,21.154
08/15/1996,13.281
08/16/1996,5.808
08/17/1996,8.085
08/18/1996,28.131
08/19/1996,33.057
08/20/1996,33.861
08/21/1996,46.351
08/22/1996,99.131
08/23/1996,138.865
08/24/1996,145.423
08/25/1996,151.683
08/26/1996,151.14
08/27/1996,155.212
08/28/1996,159.026
08/29/1996,162.5
08/30/1996,160.723
08/31/1996,154.191
09/01/1996,132.548
09/02/1996,144.138
09/03/1996,158.364
09/04/1996,160.575
09/05/1996,165.664
09/06/1996,188.924
09/07/1996,198.887
09/08/1996,218.302
09/09/1996,227.593
09/10/1996,234.993
09/11/1996,243.365
09/12/1996,251.062
09/13/1996,247.931
09/14/1996,238.237
09/15/1996,237.73
09/16/1996,246.861
09/17/1996,252.525
09/18/1996,256.239
09/19/1996,259.883
09/20/1996,270.833
09/21/1996,272.732
09/22/1996,268.235
09/23/1996,264.07
09/24/1996,260.275
09/25/1996,253.301
09/26/1996,245.495
09/27/1996,231.471
09/28/1996,217.81
09/29/1996,199.444
09/30/1996,180.556
10/01/1996,168.397
10/02/1996,153.281
10/03/1996,144.53
10/04/1996,145.101
10/05/1996,151.321
10/06/1996,155.066
10/07/1996,145.137
10/08/1996,137.285
10/09/1996,131.684
10/10/1996,126.06
10/11/1996,118.849
10/12/1996,113.584
10/13/1996,104.896
10/14/1996,101.114
10/15/1996,120.789
10/16/1996,126.367
10/17/1996,133.034
10/18/1996,134.91
10/19/1996,127.971
10/20/1996,119.082
10/21/1996,111.129
10/22/1996,107.014
10/23/1996,99.601
10/24/1996,91.851
10/25/1996,87.455
10/26/1996,82.659
10/27/1996,78.449
10/28/1996,72.951
10/29/1996,68.669
10/30/1996,64.692
10/31/1996,59.921
11/01/1996,55.714
11/02/1996,52.04
11/03/1996,48.427
11/04/1996,44.76
11/05/1996,41.846
11/06/1996,40.471
11/07/1996,39.526
11/08/1996,38.246
11/09/1996,37.139
11/10/1996,36.064
11/11/1996,34.736
11/12/1996,33.339
11/13/1996,32.604
11/14/1996,33.057
11/15/1996,29.472
11/16/1996,27.784
11/17/1996,26.55
11/18/1996,25.295
11/19/1996,24.314
11/20/1996,22.906
11/21/1996,25.751
11/22/1996,22.336
11/23/1996,19.341
11/24/1996,18.34
11/25/1996,16.547
11/26/1996,15.115
11/27/1996,14.473
11/28/1996,13.889
11/29/1996,15.265
11/30/1996,16.89
12/01/1996,
12/02/1996,
12/03/1996,
12/04/1996,
12/05/1996,
12/06/1996,
12/07/1996,
12/08/1996,
12/09/1996,
12/10/1996,
12/11/1996,
12/12/1996,
12/13/1996,
12/14/1996,
12/15/1996,
12/16/1996,
12/17/1996,
12/18/1996,
12/19/1996,
12/20/1996,
12/21/1996,
12/22/1996,
12/23/1996,
12/24/1996,
12/25/1996,
12/26/1996,
12/27/1996,
12/28/1996,
12/29/1996,
12/30/1996,
12/31/1996,
01/01/1997,
01/02/1997,
01/03/1997,
01/04/1997,
01/05/1997,
01/06/1997,
01/07/1997,
01/08/1997,
01/09/1997,
01/10/1997,
01/11/1997,
01/12/1997,
01/13/1997,
01/14/1997,
01/15/1997,
01/16/1997,
01/17/1997,
01/18/1997,
01/19/1997,
01/20/1997,
01/21/1997,
01/22/1997,
01/23/1997,
01/24/1997,
01/25/1997,
01/26/1997,
01/27/1997,
01/28/1997,
01/29/1997,
01/30/1997,
01/31/1997,
02/01/1997,
02/02/1997,
02/03/1997,
02/04/1997,
02/05/1997,
02/06/1997,
02/07/1997,
02/08/1997,
02/09/1997,
02/10/1997,
02/11/1997,
02/12/1997,
02/13/1997,
02/14/1997,
02/15/1997,
02/16/1997,
02/17/1997,
02/18/1997,
02/19/1997,
02/20/1997,
02/21/1997,
02/22/1997,
02/23/1997,
02/24/1997,
02/25/1997,
02/26/1997,
02/27/1997,
02/28/1997,
03/01/1997,
03/02/1997,
03/03/1997,
03/04/1997,
03/05/1997,
03/06/1997,
03/07/1997,
03/08/1997,
03/09/1997,
03/10/1997,
03/11/1997,
03/12/1997,
03/13/1997,
03/14/1997,
03/15/1997,
03/16/1997,
03/17/1997,
03/18/1997,
03/19/1997,
03/20/1997,
03/21/1997,
03/22/1997,
03/23/1997,
03/24/1997,
03/25/1997,
03/26/1997,
03/27/1997,
03/28/1997,
03/29/1997,
03/30/1997,
03/31/1997,
04/01/1997,
04/02/1997,
04/03/1997,
04/04/1997,
04/05/1997,
04/06/1997,
04/07/1997,
04/08/1997,
04/09/1997,
04/10/1997,
04/11/1997,
04/12/1997,
04/13/1997,
04/14/1997,
04/15/1997,
04/16/1997,
04/17/1997,
04/18/1997,
04/19/1997,
04/20/1997,
04/21/1997,
04/22/1997,
04/23/1997,
04/24/1997,
04/25/1997,
04/26/1997,
04/27/1997,
04/28/1997,
04/29/1997,
04/30/1997,
05/01/1997,
05/02/1997,
05/03/1997,
05/04/1997,
05/05/1997,
05/06/1997,
05/07/1997,
05/08/1997,
05/09/1997,
05/10/1997,
05/11/1997,
05/12/1997,
05/13/1997,
05/14/1997,
05/15/1997,
05/16/1997,
05/17/1997,
05/18/1997,
05/19/1997,
05/20/1997,
05/21/1997,
05/22/1997,
05/23/1997,
05/24/1997,
05/25/1997,
05/26/1997,
05/27/1997,
05/28/1997,
05/29/1997,
05/30/1997,
05/31/1997,
06/01/1997,
06/02/1997,
06/03/1997,
06/04/1997,
06/05/1997,
06/06/1997,
06/07/1997,
06/08/1997,
06/09/1997,
06/10/1997,
06/11/1997,
06/12/1997,
06/13/1997,
06/14/1997,
06/15/1997,
06/16/1997,
06/17/1997,
06/18/1997,
06/19/1997,
06/20/1997,
06/21/1997,
06/22/1997,
06/23/1997,
06/24/1997,
06/25/1997,
06/26/1997,
06/27/1997,
06/28/1997,
06/29/1997,
06/30/1997,
07/01/1997,
07/02/1997,
07/03/1997,
07/04/1997,
07/05/1997,
07/06/1997,
07/07/1997,
07/08/1997,
07/09/1997,
07/10/1997,
07/11/1997,
07/12/1997,
07/13/1997,
07/14/1997,
07/15/1997,
07/16/1997,
07/17/1997,
07/18/1997,
07/19/1997,
07/20/1997,
07/21/1997,
07/22/1997,
07/23/1997,
07/24/1997,
07/25/1997,
07/26/1997,
07/27/1997,
07/28/1997,
07/29/1997,
07/30/1997,
07/31/1997,
08/01/1997,
08/02/1997,
08/03/1997,
08/04/1997,
08/05/1997,
08/06/1997,
08/07/1997,
08/08/1997,
08/09/1997,
08/10/1997,
08/11/1997,
08/12/1997,
08/13/1997,
08/14/1997,
08/15/1997,
08/16/1997,
08/17/1997,
08/18/1997,
08/19/1997,
08/20/1997,
08/21/1997,
08/22/1997,
08/23/1997,
08/24/1997,
08/25/1997,
08/26/1997,
08/27/1997,
08/28/1997,
08/29/1997,
08/30/1997,
08/31/1997,
09/01/1997,
09/02/1997,
09/03/1997,
09/04/1997,
09/05/1997,
09/06/1997,
09/07/1997,
09/08/1997,
09/09/1997,
09/10/1997,
09/11/1997,
09/12/1997,
09/13/1997,
09/14/1997,
09/15/1997,
09/16/1997,
09/17/1997,
09/18/1997,
09/19/1997,
09/20/1997,
09/21/1997,
09/22/1997,
09/23/1997,
09/24/1997,
09/25/1997,
09/26/1997,
09/27/1997,
09/28/1997,
09/29/1997,
09/30/1997,
10/01/1997,
10/02/1997,
10/03/1997,
10/04/1997,
10/05/1997,
10/06/1997,
10/07/1997,
10/08/1997,
10/09/1997,
10/10/1997,
10/11/1997,
10/12/1997,
10/13/1997,69.947
10/14/1997,65.808
10/15/1997,62.318
10/16/1997,59.763
10/17/1997,58.027
10/18/1997,56.386
10/19/1997,55.224
10/20/1997,54.301
10/21/1997,52.318
10/22/1997,51.788
10/23/1997,56.854
10/24/1997,57.4
10/25/1997,54.071
10/26/1997,52.015
10/27/1997,50.734
10/28/1997,49.539
10/29/1997,48.649
10/30/1997,47.324
10/31/1997,46.739
11/01/1997,46.642
11/02/1997,44.808
11/03/1997,42.951
11/04/1997,40.796
11/05/1997,40.657
11/06/1997,40.587
11/07/1997,39.618
11/08/1997,39.136
11/09/1997,38.042
11/10/1997,36.69
11/11/1997,36.287
11/12/1997,35.62
11/13/1997,34.824
11/14/1997,34.166
11/15/1997,34.166
11/16/1997,34.166
11/17/1997,33.774
11/18/1997,33.122
11/19/1997,33.122
11/20/1997,
11/21/1997,
11/22/1997,
11/23/1997,
11/24/1997,
11/25/1997,
11/26/1997,
11/27/1997,
11/28/1997,
11/29/1997,
11/30/1997,
12/01/1997,
12/02/1997,
12/03/1997,
12/04/1997,
12/05/1997,
12/06/1997,
12/07/1997,
12/08/1997,
12/09/1997,
12/10/1997,
12/11/1997,
12/12/1997,
12/13/1997,
12/14/1997,
12/15/1997,
12/16/1997,
12/17/1997,
12/18/1997,
12/19/1997,
12/20/1997,
12/21/1997,
12/22/1997,
12/23/1997,
12/24/1997,
12/25/1997,
12/26/1997,
12/27/1997,
12/28/1997,
12/29/1997,
12/30/1997,
12/31/1997,
01/01/1998,
01/02/1998,
01/03/1998,
01/04/1998,
01/05/1998,
01/06/1998,
01/07/1998,
01/08/1998,
01/09/1998,
01/10/1998,
01/11/1998,
01/12/1998,
01/13/1998,
01/14/1998,
01/15/1998,
01/16/1998,
01/17/1998,
01/18/1998,
01/19/1998,
01/20/1998,
01/21/1998,
01/22/1998,
01/23/1998,
01/24/1998,
01/25/1998,
01/26/1998,
01/27/1998,
01/28/1998,
01/29/1998,
01/30/1998,
01/31/1998,
02/01/1998,
02/02/1998,
02/03/1998,
02/04/1998,
02/05/1998,
02/06/1998,
02/07/1998,
02/08/1998,
02/09/1998,
02/10/1998,
02/11/1998,
02/12/1998,
02/13/1998,
02/14/1998,
02/15/1998,
02/16/1998,
02/17/1998,
02/18/1998,
02/19/1998,
02/20/1998,
02/21/1998,
02/22/1998,
02/23/1998,
02/24/1998,
02/25/1998,
02/26/1998,
02/27/1998,
02/28/1998,
03/01/1998,
03/02/1998,
03/03/1998,
03/04/1998,
03/05/1998,
03/06/1998,
03/07/1998,
03/08/1998,
03/09/1998,
03/10/1998,
03/11/1998,
03/12/1998,
03/13/1998,
03/14/1998,
03/15/1998,
03/16/1998,
03/17/1998,
03/18/1998,
03/19/1998,
03/20/1998,
03/21/1998,
03/22/1998,
03/23/1998,
03/24/1998,
03/25/1998,
03/26/1998,
03/27/1998,
03/28/1998,
03/29/1998,
03/30/1998,
03/31/1998,
04/01/1998,
04/02/1998,
04/03/1998,
04/04/1998,
04/05/1998,
04/06/1998,
04/07/1998,
04/08/1998,
04/09/1998,
04/10/1998,
04/11/1998,
04/12/1998,
04/13/1998,
04/14/1998,
04/15/1998,
04/16/1998,
04/17/1998,
04/18/1998,
04/19/1998,
04/20/1998,
04/21/1998,
04/22/1998,
04/23/1998,
04/24/1998,
04/25/1998,
04/26/1998,
04/27/1998,
04/28/1998,
04/29/1998,
04/30/1998,
05/01/1998,
05/02/1998,
05/03/1998,
05/04/1998,
05/05/1998,
05/06/1998,
05/07/1998,
05/08/1998,
05/09/1998,
05/10/1998,
05/11/1998,
05/12/1998,
05/13/1998,
05/14/1998,
05/15/1998,
05/16/1998,
05/17/1998,
05/18/1998,
05/19/1998,
05/20/1998,
05/21/1998,
05/22/1998,
05/23/1998,
05/24/1998,
05/25/1998,
05/26/1998,
05/27/1998,
05/28/1998,
05/29/1998,
05/30/1998,
05/31/1998,
06/01/1998,
06/02/1998,
06/03/1998,
06/04/1998,
06/05/1998,
06/06/1998,
06/07/1998,
06/08/1998,
06/09/1998,
06/10/1998,
06/11/1998,
06/12/1998,
06/13/1998,
06/14/1998,
06/15/1998,
06/16/1998,
06/17/1998,
06/18/1998,
06/19/1998,
06/20/1998,
06/21/1998,
06/22/1998,
06/23/1998,
06/24/1998,
06/25/1998,
06/26/1998,
06/27/1998,
06/28/1998,
06/29/1998,
06/30/1998,
07/01/1998,
07/02/1998,
07/03/1998,
07/04/1998,
07/05/1998,
07/06/1998,
07/07/1998,
07/08/1998,
07/09/1998,
07/10/1998,
07/11/1998,
07/12/1998,
07/13/1998,
07/14/1998,
07/15/1998,
07/16/1998,
07/17/1998,
07/18/1998,
07/19/1998,
07/20/1998,
07/21/1998,
07/22/1998,
07/23/1998,
07/24/1998,
07/25/1998,
07/26/1998,
07/27/1998,
07/28/1998,
07/29/1998,
07/30/1998,
07/31/1998,
08/01/1998,
08/02/1998,
08/03/1998,
08/04/1998,
08/05/1998,
08/06/1998,
08/07/1998,
08/08/1998,
08/09/1998,
08/10/1998,
08/11/1998,
08/12/1998,
08/13/1998,
08/14/1998,60.504
08/15/1998,80.253
08/16/1998,98.692
08/17/1998,108.951
08/18/1998,
08/19/1998,
08/20/1998,
08/21/1998,
08/22/1998,
08/23/1998,
08/24/1998,
08/25/1998,
08/26/1998,
08/27/1998,107.271
08/28/1998,104.034
08/29/1998,99.759
08/30/1998,97.941
08/31/1998,100.483
09/01/1998,91.515
09/02/1998,88.993
09/03/1998,86.524
09/04/1998,85.986
09/05/1998,84.347
09/06/1998,83.457
09/07/1998,82.541
09/08/1998,89.75
09/09/1998,92.555
09/10/1998,86.374
09/11/1998,96.943
09/12/1998,108.337
09/13/1998,116.024
09/14/1998,117.816
09/15/1998,121.024
09/16/1998,123.044
09/17/1998,125.958
09/18/1998,128.896
09/19/1998,131.995
09/20/1998,140.097
09/21/1998,145.601
09/22/1998,155.432
09/23/1998,161.241
09/24/1998,169.073
09/25/1998,176.954
09/26/1998,188.807
09/27/1998,197.855
09/28/1998,209.144
09/29/1998,225.31
09/30/1998,235.077
10/01/1998,237.013
10/02/1998,233.942
10/03/1998,218.343
10/04/1998,194.416
10/05/1998,181.749
10/06/1998,155.395
10/07/1998,135.781
10/08/1998,116.985
10/09/1998,100.672
10/10/1998,85.269
10/11/1998,82.217
10/12/1998,82.129
10/13/1998,83.22
10/14/1998,84.852
10/15/1998,87.184
10/16/1998,87.455
10/17/1998,87.695
10/18/1998,86.674
10/19/1998,84.406
10/20/1998,81.923
10/21/1998,76.256
10/22/1998,67.619
10/23/1998,62.533
10/24/1998,60.239
10/25/1998,59.288
10/26/1998,57.088
10/27/1998,54.071
10/28/1998,53.255
10/29/1998,52.04
10/30/1998,51.486
10/31/1998,51.035
11/01/1998,
11/02/1998,
11/03/1998,
11/04/1998,
11/05/1998,
11/06/1998,
11/07/1998,
11/08/1998,
11/09/1998,
11/10/1998,
11/11/1998,
11/12/1998,
11/13/1998,
11/14/1998,
11/15/1998,
11/16/1998,
11/17/1998,
11/18/1998,
11/19/1998,
11/20/1998,
11/21/1998,
11/22/1998,
11/23/1998,
11/24/1998,
11/25/1998,
11/26/1998,
11/27/1998,
11/28/1998,
11/29/1998,
11/30/1998,
12/01/1998,
12/02/1998,
12/03/1998,
12/04/1998,
12/05/1998,
12/06/1998,
12/07/1998,
12/08/1998,
12/09/1998,
12/10/1998,
12/11/1998,
12/12/1998,
12/13/1998,
12/14/1998,
12/15/1998,
12/16/1998,
12/17/1998,
12/18/1998,
12/19/1998,
12/20/1998,
12/21/1998,
12/22/1998,
12/23/1998,
12/24/1998,
12/25/1998,
12/26/1998,
12/27/1998,
12/28/1998,
12/29/1998,
12/30/1998,
12/31/1998,
01/01/1999,
01/02/1999,
01/03/1999,
01/04/1999,
01/05/1999,
01/06/1999,
01/07/1999,
01/08/1999,
01/09/1999,
01/10/1999,
01/11/1999,
01/12/1999,
01/13/1999,
01/14/1999,
01/15/1999,
01/16/1999,
01/17/1999,
01/18/1999,
01/19/1999,
01/20/1999,
01/21/1999,
01/22/1999,
01/23/1999,
01/24/1999,
01/25/1999,
01/26/1999,
01/27/1999,
01/28/1999,
01/29/1999,
01/30/1999,
01/31/1999,
02/01/1999,
02/02/1999,
02/03/1999,
02/04/1999,
02/05/1999,
02/06/1999,
02/07/1999,
02/08/1999,
02/09/1999,
02/10/1999,
02/11/1999,
02/12/1999,
02/13/1999,
02/14/1999,
02/15/1999,
02/16/1999,
02/17/1999,
02/18/1999,
02/19/1999,
02/20/1999,
02/21/1999,
02/22/1999,
02/23/1999,
02/24/1999,
02/25/1999,
02/26/1999,
02/27/1999,
02/28/1999,
03/01/1999,
03/02/1999,
03/03/1999,
03/04/1999,
03/05/1999,
03/06/1999,
03/07/1999,
03/08/1999,
03/09/1999,
03/10/1999,
03/11/1999,
03/12/1999,
03/13/1999,
03/14/1999,
03/15/1999,
03/16/1999,
03/17/1999,
03/18/1999,
03/19/1999,
03/20/1999,
03/21/1999,
03/22/1999,
03/23/1999,
03/24/1999,
03/25/1999,
03/26/1999,
03/27/1999,
03/28/1999,
03/29/1999,
03/30/1999,
03/31/1999,
04/01/1999,
04/02/1999,
04/03/1999,
04/04/1999,
04/05/1999,
04/06/1999,
04/07/1999,
04/08/1999,
04/09/1999,
04/10/1999,
04/11/1999,
04/12/1999,
04/13/1999,
04/14/1999,
04/15/1999,
04/16/1999,
04/17/1999,
04/18/1999,
04/19/1999,
04/20/1999,
04/21/1999,
04/22/1999,
04/23/1999,
04/24/1999,
04/25/1999,
04/26/1999,
04/27/1999,
04/28/1999,
04/29/1999,
04/30/1999,
05/01/1999,
05/02/1999,
05/03/1999,
05/04/1999,
05/05/1999,
05/06/1999,
05/07/1999,
05/08/1999,
05/09/1999,
05/10/1999,
05/11/1999,
05/12/1999,
05/13/1999,
05/14/1999,
05/15/1999,
05/16/1999,
05/17/1999,
05/18/1999,
05/19/1999,
05/20/1999,
05/21/1999,
05/22/1999,
05/23/1999,
05/24/1999,
05/25/1999,
05/26/1999,
05/27/1999,
05/28/1999,
05/29/1999,
05/30/1999,
05/31/1999,
06/01/1999,
06/02/1999,
06/03/1999,
06/04/1999,
06/05/1999,
06/06/1999,
06/07/1999,
06/08/1999,
06/09/1999,
06/10/1999,
06/11/1999,
06/12/1999,
06/13/1999,
06/14/1999,
06/15/1999,
06/16/1999,
06/17/1999,
06/18/1999,
06/19/1999,
06/20/1999,
06/21/1999,
06/22/1999,
06/23/1999,
06/24/1999,
06/25/1999,
06/26/1999,
06/27/1999,
06/28/1999,
06/29/1999,
06/30/1999,
07/01/1999,
07/02/1999,
07/03/1999,
07/04/1999,
07/05/1999,
07/06/1999,
07/07/1999,
07/08/1999,
07/09/1999,
07/10/1999,
07/11/1999,
07/12/1999,
07/13/1999,
07/14/1999,
07/15/1999,
07/16/1999,
07/17/1999,
07/18/1999,
07/19/1999,
07/20/1999,
07/21/1999,
07/22/1999,
07/23/1999,
07/24/1999,
07/25/1999,
07/26/1999,
07/27/1999,
07/28/1999,
07/29/1999,
07/30/1999,
07/31/1999,
08/01/1999,
08/02/1999,
08/03/1999,
08/04/1999,
08/05/1999,
08/06/1999,
08/07/1999,
08/08/1999,
08/09/1999,
08/10/1999,
08/11/1999,
08/12/1999,
08/13/1999,
08/14/1999,
08/15/1999,
08/16/1999,
08/17/1999,
08/18/1999,
08/19/1999,
08/20/1999,
08/21/1999,
08/22/1999,
08/23/1999,
08/24/1999,
08/25/1999,
08/26/1999,
08/27/1999,
08/28/1999,
08/29/1999,
08/30/1999,
08/31/1999,
09/01/1999,
09/02/1999,
09/03/1999,
09/04/1999,
09/05/1999,
09/06/1999,
09/07/1999,
09/08/1999,
09/09/1999,
09/10/1999,
09/11/1999,
09/12/1999,
09/13/1999,
09/14/1999,
09/15/1999,
09/16/1999,
09/17/1999,
09/18/1999,
09/19/1999,
09/20/1999,
09/21/1999,
09/22/1999,
09/23/1999,
09/24/1999,
09/25/1999,
09/26/1999,
09/27/1999,
09/28/1999,
09/29/1999,
09/30/1999,
10/01/1999,
10/02/1999,
10/03/1999,
10/04/1999,
10/05/1999,
10/06/1999,
10/07/1999,
10/08/1999,
10/09/1999,
10/10/1999,
10/11/1999,
10/12/1999,
10/13/1999,
10/14/1999,
10/15/1999,
10/16/1999,
10/17/1999,
10/18/1999,
10/19/1999,
10/20/1999,
10/21/1999,
10/22/1999,
10/23/1999,
10/24/1999,
10/25/1999,
10/26/1999,
10/27/1999,
10/28/1999,
10/29/1999,
10/30/1999,
10/31/1999,
11/01/1999,
11/02/1999,
11/03/1999,
11/04/1999,
11/05/1999,
11/06/1999,
11/07/1999,
11/08/1999,
11/09/1999,
11/10/1999,
11/11/1999,
11/12/1999,
11/13/1999,
11/14/1999,
11/15/1999,
11/16/1999,
11/17/1999,
11/18/1999,
11/19/1999,
11/20/1999,
11/21/1999,
11/22/1999,
11/23/1999,
11/24/1999,
11/25/1999,
11/26/1999,
11/27/1999,
11/28/1999,
11/29/1999,
11/30/1999,
12/01/1999,
12/02/1999,
12/03/1999,
12/04/1999,
12/05/1999,
12/06/1999,
12/07/1999,
12/08/1999,
12/09/1999,
12/10/1999,
12/11/1999,
12/12/1999,
12/13/1999,
12/14/1999,
12/15/1999,
12/16/1999,
12/17/1999,
12/18/1999,
12/19/1999,
12/20/1999,
12/21/1999,
12/22/1999,
12/23/1999,
12/24/1999,
12/25/1999,
12/26/1999,
12/27/1999,
12/28/1999,
12/29/1999,
12/30/1999,
12/31/1999,
01/01/2000,
01/02/2000,
01/03/2000,
01/04/2000,
01/05/2000,
01/06/2000,
01/07/2000,
01/08/2000,
01/09/2000,
01/10/2000,
01/11/2000,
01/12/2000,
01/13/2000,
01/14/2000,
01/15/2000,
01/16/2000,
01/17/2000,
01/18/2000,
01/19/2000,
01/20/2000,
01/21/2000,
01/22/2000,
01/23/2000,
01/24/2000,
01/25/2000,
01/26/2000,
01/27/2000,
01/28/2000,
01/29/2000,
01/30/2000,
01/31/2000,
02/01/2000,
02/02/2000,
02/03/2000,
02/04/2000,
02/05/2000,
02/06/2000,
02/07/2000,
02/08/2000,
02/09/2000,
02/10/2000,
02/11/2000,
02/12/2000,
02/13/2000,
02/14/2000,
02/15/2000,
02/16/2000,
02/17/2000,
02/18/2000,
02/19/2000,
02/20/2000,
02/21/2000,
02/22/2000,
02/23/2000,
02/24/2000,
02/25/2000,
02/26/2000,
02/27/2000,
02/28/2000,
02/29/2000,
03/01/2000,
03/02/2000,
03/03/2000,
03/04/2000,
03/05/2000,
03/06/2000,
03/07/2000,
03/08/2000,
03/09/2000,
03/10/2000,
03/11/2000,
03/12/2000,
03/13/2000,
03/14/2000,
03/15/2000,
03/16/2000,
03/17/2000,
03/18/2000,
03/19/2000,
03/20/2000,
03/21/2000,
03/22/2000,
03/23/2000,
03/24/2000,
03/25/2000,
03/26/2000,
03/27/2000,
03/28/2000,
03/29/2000,
03/30/2000,
03/31/2000,
04/01/2000,
04/02/2000,
04/03/2000,
04/04/2000,
04/05/2000,
04/06/2000,
04/07/2000,
04/08/2000,
04/09/2000,
04/10/2000,
04/11/2000,
04/12/2000,
04/13/2000,
04/14/2000,
04/15/2000,
04/16/2000,
04/17/2000,
04/18/2000,
04/19/2000,
04/20/2000,
04/21/2000,
04/22/2000,
04/23/2000,
04/24/2000,
04/25/2000,
04/26/2000,
04/27/2000,
04/28/2000,
04/29/2000,
04/30/2000,
05/01/2000,
05/02/2000,
05/03/2000,
05/04/2000,
05/05/2000,
05/06/2000,
05/07/2000,
05/08/2000,
05/09/2000,
05/10/2000,
05/11/2000,
05/12/2000,
05/13/2000,
05/14/2000,
05/15/2000,
05/16/2000,
05/17/2000,
05/18/2000,
05/19/2000,
05/20/2000,
05/21/2000,
05/22/2000,
05/23/2000,
05/24/2000,
05/25/2000,
05/26/2000,
05/27/2000,
05/28/2000,
05/29/2000,
05/30/2000,
05/31/2000,
06/01/2000,
06/02/2000,
06/03/2000,
06/04/2000,
06/05/2000,
06/06/2000,
06/07/2000,
06/08/2000,
06/09/2000,
06/10/2000,
06/11/2000,
06/12/2000,
06/13/2000,
06/14/2000,
06/15/2000,
06/16/2000,
06/17/2000,
06/18/2000,
06/19/2000,
06/20/2000,
06/21/2000,
06/22/2000,
06/23/2000,
06/24/2000,
06/25/2000,
06/26/2000,
06/27/2000,
06/28/2000,
06/29/2000,
06/30/2000,
07/01/2000,
07/02/2000,
07/03/2000,
07/04/2000,
07/05/2000,
07/06/2000,
07/07/2000,
07/08/2000,
07/09/2000,
07/10/2000,
07/11/2000,
07/12/2000,
07/13/2000,
07/14/2000,
07/15/2000,
07/16/2000,
07/17/2000,
07/18/2000,
07/19/2000,
07/20/2000,
07/21/2000,
07/22/2000,
07/23/2000,
07/24/2000,
07/25/2000,
07/26/2000,
07/27/2000,
07/28/2000,
07/29/2000,
07/30/2000,
07/31/2000,
08/01/2000,
08/02/2000,
08/03/2000,
08/04/2000,
08/05/2000,
08/06/2000,
08/07/2000,
08/08/2000,
08/09/2000,
08/10/2000,
08/11/2000,
08/12/2000,
08/13/2000,
08/14/2000,
08/15/2000,
08/16/2000,
08/17/2000,
08/18/2000,
08/19/2000,
08/20/2000,
08/21/2000,
08/22/2000,149.994
08/23/2000,159.389
08/24/2000,170.581
08/25/2000,176.535
08/26/2000,164.584
08/27/2000,149.884
08/28/2000,142.413
08/29/2000,138.539
08/30/2000,135.232
08/31/2000,133.801
09/01/2000,133.748
09/02/2000,133.748
09/03/2000,133.748
09/04/2000,133.748
09/05/2000,133.748
09/06/2000,133.748
09/07/2000,133.748
09/08/2000,133.748
09/09/2000,133.748
09/10/2000,133.748
09/11/2000,133.748
09/12/2000,135.551
09/13/2000,162.205
09/14/2000,179.158
09/15/2000,181.09
09/16/2000,181.97
09/17/2000,182.029
09/18/2000,182.029
09/19/2000,182.029
09/20/2000,182.029
09/21/2000,181.618
09/22/2000,175.896
09/23/2000,175.838
09/24/2000,179.801
09/25/2000,173.29
09/26/2000,160.964
09/27/2000,156.645
09/28/2000,151.979
09/29/2000,150.159
09/30/2000,150.82
10/01/2000,157.148
10/02/2000,141.01
10/03/2000,134.383
10/04/2000,129.537
10/05/2000,127.033
10/06/2000,127.033
10/07/2000,127.033
10/08/2000,127.033
10/09/2000,127.033
10/10/2000,127.033
10/11/2000,127.033
10/12/2000,127.033
10/13/2000,127.033
10/14/2000,127.033
10/15/2000,125.683
10/16/2000,105.84
10/17/2000,96.123
10/18/2000,87.69
10/19/2000,84.409
10/20/2000,81.931
10/21/2000,77.799
10/22/2000,76.482
10/23/2000,80.056
10/24/2000,79.39
10/25/2000,77.799
10/26/2000,72.403
10/27/2000,68.191
10/28/2000,68.739
10/29/2000,63.859
10/30/2000,61.241
10/31/2000,57.742
11/01/2000,56.869
11/02/2000,55.764
11/03/2000,54.627
11/04/2000,53.227
11/05/2000,52.608
11/06/2000,51.608
11/07/2000,50.768
11/08/2000,50.159
11/09/2000,49.176
11/10/2000,48.012
11/11/2000,47.713
11/12/2000,47.154
11/13/2000,46.524
11/14/2000,45.455
11/15/2000,45.382
11/16/2000,45.308
11/17/2000,44.249
11/18/2000,43.596
11/19/2000,42.551
11/20/2000,42.443
11/21/2000,41.942
11/22/2000,41.871
11/23/2000,41.336
11/24/2000,40.84
11/25/2000,40.557
11/26/2000,39.642
11/27/2000,39.083
11/28/2000,38.561
11/29/2000,38.526
11/30/2000,38.561
12/01/2000,39.013
12/02/2000,38.526
12/03/2000,37.972
12/04/2000,37.421
12/05/2000,36.872
12/06/2000,36.293
12/07/2000,35.311
12/08/2000,35.243
12/09/2000,35.21
12/10/2000,34.74
12/11/2000,34.673
12/12/2000,34.205
12/13/2000,34.138
12/14/2000,33.607
12/15/2000,32.617
12/16/2000,32.094
12/17/2000,32.029
12/18/2000,31.573
12/19/2000,31.509
12/20/2000,31.056
12/21/2000,31.024
12/22/2000,31.024
12/23/2000,
12/24/2000,
12/25/2000,
12/26/2000,
12/27/2000,
12/28/2000,
12/29/2000,
12/30/2000,
12/31/2000,
01/01/2001,0.0
01/02/2001,0.0
01/03/2001,0.0
01/04/2001,0.0
01/05/2001,0.0
01/06/2001,0.0
01/07/2001,0.0
01/08/2001,0.0
01/09/2001,0.0
01/10/2001,0.0
01/11/2001,0.0
01/12/2001,0.0
01/13/2001,0.0
01/14/2001,0.0
01/15/2001,0.0
01/16/2001,0.0
01/17/2001,0.0
01/18/2001,0.0
01/19/2001,0.0
01/20/2001,0.0
01/21/2001,0.0
01/22/2001,0.0
01/23/2001,0.0
01/24/2001,0.0
01/25/2001,0.0
01/26/2001,0.0
01/27/2001,0.0
01/28/2001,0.0
01/29/2001,0.0
01/30/2001,0.0
01/31/2001,0.0
02/01/2001,0.0
02/02/2001,0.0
02/03/2001,0.0
02/04/2001,0.0
02/05/2001,0.0
02/06/2001,0.0
02/07/2001,0.0
02/08/2001,0.0
02/09/2001,0.0
02/10/2001,0.0
02/11/2001,0.0
02/12/2001,0.0
02/13/2001,0.0
02/14/2001,0.0
02/15/2001,0.0
02/16/2001,0.0
02/17/2001,0.0
02/18/2001,0.0
02/19/2001,0.0
02/20/2001,0.0
02/21/2001,0.0
02/22/2001,0.0
02/23/2001,0.0
02/24/2001,0.0
02/25/2001,0.0
02/26/2001,0.0
02/27/2001,0.0
02/28/2001,0.0
03/01/2001,0.0
03/02/2001,0.0
03/03/2001,0.0
03/04/2001,0.0
03/05/2001,0.0
03/06/2001,0.0
03/07/2001,0.0
03/08/2001,0.0
03/09/2001,0.0
03/10/2001,0.0
03/11/2001,0.0
03/12/2001,0.0
03/13/2001,0.0
03/14/2001,0.0
03/15/2001,0.0
03/16/2001,0.0
03/17/2001,0.0
03/18/2001,0.0
03/19/2001,0.0
03/20/2001,0.0
03/21/2001,0.0
03/22/2001,0.0
03/23/2001,0.0
03/24/2001,0.0
03/25/2001,0.0
03/26/2001,0.0
03/27/2001,0.0
03/28/2001,0.0
03/29/2001,0.0
03/30/2001,0.0
03/31/2001,0.0
04/01/2001,0.0
04/02/2001,0.0
04/03/2001,0.0
04/04/2001,0.0
04/05/2001,0.0
04/06/2001,0.0
04/07/2001,0.0
04/08/2001,0.0
04/09/2001,0.0
04/10/2001,0.0
04/11/2001,0.0
04/12/2001,0.0
04/13/2001,0.0
04/14/2001,0.0
04/15/2001,0.0
04/16/2001,0.0
04/17/2001,0.0
04/18/2001,0.0
04/19/2001,0.0
04/20/2001,0.0
04/21/2001,0.0
04/22/2001,0.0
04/23/2001,0.0
04/24/2001,0.0
04/25/2001,0.0
04/26/2001,0.0
04/27/2001,0.0
04/28/2001,0.0
04/29/2001,0.0
04/30/2001,0.0
05/01/2001,0.0
05/02/2001,0.0
05/03/2001,0.0
05/04/2001,0.0
05/05/2001,0.0
05/06/2001,0.0
05/07/2001,0.0
05/08/2001,0.0
05/09/2001,0.0
05/10/2001,0.0
05/11/2001,0.0
05/12/2001,0.0
05/13/2001,0.0
05/14/2001,0.0
05/15/2001,0.0
05/16/2001,0.0
05/17/2001,0.0
05/18/2001,0.0
05/19/2001,0.0
05/20/2001,0.0
05/21/2001,0.0
05/22/2001,0.0
05/23/2001,0.0
05/24/2001,0.0
05/25/2001,0.0
05/26/2001,0.0
05/27/2001,0.0
05/28/2001,0.0
05/29/2001,0.0
05/30/2001,0.0
05/31/2001,0.0
06/01/2001,
06/02/2001,
06/03/2001,
06/04/2001,
06/05/2001,
06/06/2001,
06/07/2001,
06/08/2001,
06/09/2001,
06/10/2001,
06/11/2001,
06/12/2001,
06/13/2001,
06/14/2001,
06/15/2001,
06/16/2001,
06/17/2001,
06/18/2001,
06/19/2001,
06/20/2001,
06/21/2001,
06/22/2001,
06/23/2001,
06/24/2001,
06/25/2001,
06/26/2001,
06/27/2001,
06/28/2001,
06/29/2001,
06/30/2001,
07/01/2001,
07/02/2001,
07/03/2001,
07/04/2001,
07/05/2001,
07/06/2001,
07/07/2001,
07/08/2001,
07/09/2001,
07/10/2001,
07/11/2001,
07/12/2001,
07/13/2001,
07/14/2001,
07/15/2001,
07/16/2001,
07/17/2001,
07/18/2001,
07/19/2001,
07/20/2001,
07/21/2001,
07/22/2001,
07/23/2001,
07/24/2001,
07/25/2001,
07/26/2001,
07/27/2001,
07/28/2001,
07/29/2001,
07/30/2001,
07/31/2001,
08/01/2001,
08/02/2001,
08/03/2001,
08/04/2001,
08/05/2001,
08/06/2001,
08/07/2001,
08/08/2001,
08/09/2001,
08/10/2001,
08/11/2001,
08/12/2001,
08/13/2001,
08/14/2001,
08/15/2001,
08/16/2001,
08/17/2001,
08/18/2001,
08/19/2001,
08/20/2001,
08/21/2001,
08/22/2001,
08/23/2001,
08/24/2001,
08/25/2001,
08/26/2001,
08/27/2001,
08/28/2001,
08/29/2001,
08/30/2001,
08/31/2001,
09/01/2001,
09/02/2001,
09/03/2001,
09/04/2001,
09/05/2001,
09/06/2001,
09/07/2001,
09/08/2001,
09/09/2001,
09/10/2001,
09/11/2001,
09/12/2001,
09/13/2001,
09/14/2001,
09/15/2001,
09/16/2001,
09/17/2001,
09/18/2001,
09/19/2001,
09/20/2001,
09/21/2001,
09/22/2001,
09/23/2001,
09/24/2001,
09/25/2001,
09/26/2001,
09/27/2001,
09/28/2001,
09/29/2001,
09/30/2001,
10/01/2001,
10/02/2001,
10/03/2001,
10/04/2001,
10/05/2001,
10/06/2001,
10/07/2001,
10/08/2001,
10/09/2001,
10/10/2001,
10/11/2001,
10/12/2001,
10/13/2001,
10/14/2001,
10/15/2001,
10/16/2001,
10/17/2001,
10/18/2001,
10/19/2001,
10/20/2001,
10/21/2001,
10/22/2001,
10/23/2001,
10/24/2001,
10/25/2001,
10/26/2001,
10/27/2001,
10/28/2001,
10/29/2001,
10/30/2001,
10/31/2001,
11/01/2001,
11/02/2001,
11/03/2001,
11/04/2001,
11/05/2001,
11/06/2001,
11/07/2001,
11/08/2001,
11/09/2001,
11/10/2001,
11/11/2001,
11/12/2001,
11/13/2001,
11/14/2001,
11/15/2001,
11/16/2001,
11/17/2001,
11/18/2001,
11/19/2001,
11/20/2001,
11/21/2001,
11/22/2001,
11/23/2001,
11/24/2001,
11/25/2001,
11/26/2001,
11/27/2001,
11/28/2001,
11/29/2001,
11/30/2001,
12/01/2001,
12/02/2001,
12/03/2001,
12/04/2001,
12/05/2001,
12/06/2001,
12/07/2001,
12/08/2001,
12/09/2001,
12/10/2001,
12/11/2001,
12/12/2001,
12/13/2001,
12/14/2001,
12/15/2001,
12/16/2001,
12/17/2001,
12/18/2001,
12/19/2001,
12/20/2001,
12/21/2001,
12/22/2001,
12/23/2001,
12/24/2001,
12/25/2001,
12/26/2001,
12/27/2001,
12/28/2001,
12/29/2001,
12/30/2001,
12/31/2001,
01/01/2002,
01/02/2002,
01/03/2002,
01/04/2002,
01/05/2002,
01/06/2002,
01/07/2002,
01/08/2002,
01/09/2002,
01/10/2002,
01/11/2002,
01/12/2002,
01/13/2002,
01/14/2002,
01/15/2002,
01/16/2002,
01/17/2002,
01/18/2002,
01/19/2002,
01/20/2002,
01/21/2002,
01/22/2002,
01/23/2002,
01/24/2002,
01/25/2002,
01/26/2002,
01/27/2002,
01/28/2002,
01/29/2002,
01/30/2002,
01/31/2002,
02/01/2002,
02/02/2002,
02/03/2002,
02/04/2002,
02/05/2002,
02/06/2002,
02/07/2002,
02/08/2002,
02/09/2002,
02/10/2002,
02/11/2002,
02/12/2002,
02/13/2002,
02/14/2002,
02/15/2002,
02/16/2002,
02/17/2002,
02/18/2002,
02/19/2002,
02/20/2002,
02/21/2002,
02/22/2002,
02/23/2002,
02/24/2002,
02/25/2002,
02/26/2002,
02/27/2002,
02/28/2002,
03/01/2002,
03/02/2002,
03/03/2002,
03/04/2002,
03/05/2002,
03/06/2002,
03/07/2002,
03/08/2002,
03/09/2002,
03/10/2002,
03/11/2002,
03/12/2002,
03/13/2002,
03/14/2002,
03/15/2002,
03/16/2002,
03/17/2002,
03/18/2002,
03/19/2002,
03/20/2002,
03/21/2002,
03/22/2002,
03/23/2002,
03/24/2002,
03/25/2002,
03/26/2002,
03/27/2002,
03/28/2002,
03/29/2002,
03/30/2002,
03/31/2002,
04/01/2002,
04/02/2002,
04/03/2002,
04/04/2002,
04/05/2002,
04/06/2002,
04/07/2002,
04/08/2002,
04/09/2002,
04/10/2002,
04/11/2002,
04/12/2002,
04/13/2002,
04/14/2002,
04/15/2002,
04/16/2002,
04/17/2002,
04/18/2002,
04/19/2002,
04/20/2002,
04/21/2002,
04/22/2002,
04/23/2002,
04/24/2002,
04/25/2002,
04/26/2002,
04/27/2002,
04/28/2002,
04/29/2002,
04/30/2002,
05/01/2002,
05/02/2002,
05/03/2002,
05/04/2002,
05/05/2002,
05/06/2002,
05/07/2002,
05/08/2002,
05/09/2002,
05/10/2002,
05/11/2002,
05/12/2002,
05/13/2002,
05/14/2002,
05/15/2002,
05/16/2002,
05/17/2002,
05/18/2002,
05/19/2002,
05/20/2002,
05/21/2002,
05/22/2002,
05/23/2002,
05/24/2002,
05/25/2002,
05/26/2002,
05/27/2002,
05/28/2002,
05/29/2002,
05/30/2002,
05/31/2002,
06/01/2002,
06/02/2002,
06/03/2002,
06/04/2002,
06/05/2002,
06/06/2002,
06/07/2002,
06/08/2002,
06/09/2002,
06/10/2002,
06/11/2002,
06/12/2002,
06/13/2002,
06/14/2002,
06/15/2002,
06/16/2002,
06/17/2002,
06/18/2002,0.0
06/19/2002,0.0
06/20/2002,0.0
06/21/2002,
06/22/2002,0.0
06/23/2002,0.0
06/24/2002,0.0
06/25/2002,0.0
06/26/2002,
06/27/2002,0.0
06/28/2002,0.0
06/29/2002,0.0
06/30/2002,
07/01/2002,
07/02/2002,
07/03/2002,
07/04/2002,2.461
07/05/2002,
07/06/2002,
07/07/2002,
07/08/2002,
07/09/2002,
07/10/2002,2.013
07/11/2002,2.154
07/12/2002,2.609
07/13/2002,
07/14/2002,
07/15/2002,3.657
07/16/2002,
07/17/2002,3.494
07/18/2002,
07/19/2002,
07/20/2002,
07/21/2002,1.153
07/22/2002,1.153
07/23/2002,0.965
07/24/2002,
07/25/2002,
07/26/2002,0.182
07/27/2002,
07/28/2002,0.001
07/29/2002,0.041
07/30/2002,0.557
07/31/2002,
08/01/2002,7.818
08/02/2002,
08/03/2002,
08/04/2002,
08/05/2002,
08/06/2002,
08/07/2002,0.0
08/08/2002,0.0
08/09/2002,0.0
08/10/2002,
08/11/2002,
08/12/2002,
08/13/2002,0.0
08/14/2002,4.82
08/15/2002,13.6
08/16/2002,
08/17/2002,
08/18/2002,2.069
08/19/2002,4.333
08/20/2002,
08/21/2002,15.387
08/22/2002,
08/23/2002,
08/24/2002,
08/25/2002,
08/26/2002,
08/27/2002,
08/28/2002,
08/29/2002,
08/30/2002,
08/31/2002,
09/01/2002,90.236
09/02/2002,85.926
09/03/2002,86.045
09/04/2002,82.423
09/05/2002,77.985
09/06/2002,80.925
09/07/2002,85.956
09/08/2002,93.077
09/09/2002,77.206
09/10/2002,58.472
09/11/2002,67.481
09/12/2002,83.132
09/13/2002,96.383
09/14/2002,83.516
09/15/2002,76.515
09/16/2002,85.001
09/17/2002,84.317
09/18/2002,89.023
09/19/2002,87.966
09/20/2002,86.225
09/21/2002,89.507
09/22/2002,87.665
09/23/2002,84.079
09/24/2002,72.387
09/25/2002,60.849
09/26/2002,46.691
09/27/2002,39.159
09/28/2002,
09/29/2002,
09/30/2002,
10/01/2002,
10/02/2002,
10/03/2002,
10/04/2002,
10/05/2002,
10/06/2002,
10/07/2002,
10/08/2002,
10/09/2002,
10/10/2002,
10/11/2002,
10/12/2002,
10/13/2002,
10/14/2002,
10/15/2002,
10/16/2002,
10/17/2002,
10/18/2002,
10/19/2002,
10/20/2002,
10/21/2002,
10/22/2002,
10/23/2002,
10/24/2002,
10/25/2002,
10/26/2002,
10/27/2002,
10/28/2002,
10/29/2002,
10/30/2002,
10/31/2002,
11/01/2002,
11/02/2002,
11/03/2002,
11/04/2002,
11/05/2002,
11/06/2002,
11/07/2002,
11/08/2002,
11/09/2002,
11/10/2002,
11/11/2002,
11/12/2002,
11/13/2002,
11/14/2002,
11/15/2002,
11/16/2002,
11/17/2002,
11/18/2002,
11/19/2002,
11/20/2002,
11/21/2002,
11/22/2002,
11/23/2002,
11/24/2002,
11/25/2002,
11/26/2002,
11/27/2002,
11/28/2002,
11/29/2002,
11/30/2002,
12/01/2002,
12/02/2002,
12/03/2002,
12/04/2002,
12/05/2002,
12/06/2002,
12/07/2002,
12/08/2002,
12/09/2002,
12/10/2002,
12/11/2002,
12/12/2002,
12/13/2002,
12/14/2002,
12/15/2002,
12/16/2002,
12/17/2002,
12/18/2002,
12/19/2002,
12/20/2002,
12/21/2002,
12/22/2002,
12/23/2002,
12/24/2002,
12/25/2002,
12/26/2002,
12/27/2002,
12/28/2002,
12/29/2002,
12/30/2002,
12/31/2002,
01/01/2003,
01/02/2003,
01/03/2003,
01/04/2003,
01/05/2003,
01/06/2003,
01/07/2003,
01/08/2003,
01/09/2003,
01/10/2003,
01/11/2003,
01/12/2003,
01/13/2003,
01/14/2003,
01/15/2003,
01/16/2003,
01/17/2003,
01/18/2003,
01/19/2003,
01/20/2003,
01/21/2003,
01/22/2003,
01/23/2003,
01/24/2003,
01/25/2003,
01/26/2003,
01/27/2003,
01/28/2003,
01/29/2003,
01/30/2003,
01/31/2003,
02/01/2003,
02/02/2003,
02/03/2003,
02/04/2003,
02/05/2003,
02/06/2003,
02/07/2003,
02/08/2003,
02/09/2003,
02/10/2003,
02/11/2003,
02/12/2003,
02/13/2003,
02/14/2003,
02/15/2003,
02/16/2003,
02/17/2003,
02/18/2003,
02/19/2003,
02/20/2003,
02/21/2003,
02/22/2003,
02/23/2003,
02/24/2003,
02/25/2003,
02/26/2003,
02/27/2003,
02/28/2003,
03/01/2003,
03/02/2003,
03/03/2003,
03/04/2003,
03/05/2003,
03/06/2003,
03/07/2003,
03/08/2003,
03/09/2003,
03/10/2003,
03/11/2003,
03/12/2003,
03/13/2003,
03/14/2003,0.0
03/15/2003,0.0
03/16/2003,0.0
03/17/2003,0.0
03/18/2003,0.0
03/19/2003,0.0
03/20/2003,0.0
03/21/2003,0.0
03/22/2003,0.0
03/23/2003,0.0
03/24/2003,0.0
03/25/2003,0.0
03/26/2003,0.0
03/27/2003,0.0
03/28/2003,0.0
03/29/2003,0.0
03/30/2003,0.0
03/31/2003,0.0
04/01/2003,0.0
04/02/2003,0.0
04/03/2003,0.0
04/04/2003,0.0
04/05/2003,0.0
04/06/2003,0.0
04/07/2003,0.0
04/08/2003,0.0
04/09/2003,0.0
04/10/2003,0.0
04/11/2003,0.0
04/12/2003,0.0
04/13/2003,0.0
04/14/2003,0.0
04/15/2003,0.0
04/16/2003,0.0
04/17/2003,0.0
04/18/2003,0.0
04/19/2003,0.0
04/20/2003,0.0
04/21/2003,0.0
04/22/2003,0.0
04/23/2003,0.0
04/24/2003,0.0
04/25/2003,0.0
04/26/2003,0.0
04/27/2003,0.0
04/28/2003,0.0
04/29/2003,0.0
04/30/2003,0.0
05/01/2003,0.0
05/02/2003,0.0
05/03/2003,0.0
05/04/2003,0.0
05/05/2003,0.0
05/06/2003,0.0
05/07/2003,0.0
05/08/2003,0.0
05/09/2003,0.0
05/10/2003,0.0
05/11/2003,0.0
05/12/2003,0.0
05/13/2003,0.0
05/14/2003,0.0
05/15/2003,0.0
05/16/2003,0.0
05/17/2003,0.0
05/18/2003,0.0
05/19/2003,0.0
05/20/2003,0.0
05/21/2003,0.0
05/22/2003,0.0
05/23/2003,0.0
05/24/2003,0.0
05/25/2003,0.0
05/26/2003,0.0
05/27/2003,0.0
05/28/2003,0.0
05/29/2003,0.0
05/30/2003,0.0
05/31/2003,0.0
06/01/2003,0.0
06/02/2003,0.0
06/03/2003,0.081
06/04/2003,0.238
06/05/2003,0.579
06/06/2003,0.751
06/07/2003,0.769
06/08/2003,0.093
06/09/2003,0.06
06/10/2003,0.0
06/11/2003,0.034
06/12/2003,1.004
06/13/2003,2.509
06/14/2003,2.794
06/15/2003,2.784
06/16/2003,2.234
06/17/2003,3.626
06/18/2003,7.502
06/19/2003,15.565
06/20/2003,19.449
06/21/2003,25.374
06/22/2003,30.224
06/23/2003,31.577
06/24/2003,39.526
06/25/2003,39.664
06/26/2003,25.91
06/27/2003,18.146
06/28/2003,15.016
06/29/2003,15.465
06/30/2003,21.545
07/01/2003,30.015
07/02/2003,38.588
07/03/2003,44.449
07/04/2003,49.093
07/05/2003,48.083
07/06/2003,37.229
07/07/2003,28.933
07/08/2003,29.806
07/09/2003,37.906
07/10/2003,48.995
07/11/2003,55.766
07/12/2003,54.454
07/13/2003,44.688
07/14/2003,38.042
07/15/2003,34.407
07/16/2003,31.343
07/17/2003,28.624
07/18/2003,28.008
07/19/2003,27.763
07/20/2003,27.926
07/21/2003,28.583
07/22/2003,29.265
07/23/2003,29.41
07/24/2003,30.919
07/25/2003,33.686
07/26/2003,40.912
07/27/2003,48.575
07/28/2003,54.02
07/29/2003,55.327
07/30/2003,55.25
07/31/2003,54.326
08/01/2003,36.645
08/02/2003,24.275
08/03/2003,21.714
08/04/2003,14.588
08/05/2003,41.705
08/06/2003,96.539
08/07/2003,207.41
08/08/2003,244.515
08/09/2003,224.357
08/10/2003,258.493
08/11/2003,276.055
08/12/2003,309.559
08/13/2003,365.854
08/14/2003,432.468
08/15/2003,366.83
08/16/2003,378.675
08/17/2003,374.68
08/18/2003,335.29
08/19/2003,356.033
08/20/2003,360.154
08/21/2003,362.294
08/22/2003,364.292
08/23/2003,371.19
08/24/2003,370.895
08/25/2003,367.711
08/26/2003,348.223
08/27/2003,326.323
08/28/2003,314.417
08/29/2003,302.525
08/30/2003,292.916
08/31/2003,290.609
09/01/2003,289.21
09/02/2003,286.823
09/03/2003,287.003
09/04/2003,289.345
09/05/2003,298.779
09/06/2003,296.229
09/07/2003,309.605
09/08/2003,327.969
09/09/2003,289.931
09/10/2003,235.497
09/11/2003,223.654
09/12/2003,225.6
09/13/2003,225.931
09/14/2003,227.593
09/15/2003,234.74
09/16/2003,242.897
09/17/2003,261.799
09/18/2003,287.048
09/19/2003,292.192
09/20/2003,296.274
09/21/2003,295.365
09/22/2003,292.056
09/23/2003,298.779
09/24/2003,300.787
09/25/2003,302.434
09/26/2003,299.6
09/27/2003,292.508
09/28/2003,288.263
09/29/2003,283.86
09/30/2003,288.534
10/01/2003,
10/02/2003,
10/03/2003,
10/04/2003,
10/05/2003,
10/06/2003,
10/07/2003,
10/08/2003,
10/09/2003,
10/10/2003,
10/11/2003,
10/12/2003,
10/13/2003,
10/14/2003,
10/15/2003,
10/16/2003,
10/17/2003,
10/18/2003,
10/19/2003,
10/20/2003,
10/21/2003,
10/22/2003,
10/23/2003,
10/24/2003,
10/25/2003,
10/26/2003,
10/27/2003,
10/28/2003,
10/29/2003,
10/30/2003,
10/31/2003,
11/01/2003,61.089
11/02/2003,60.213
11/03/2003,59.71
11/04/2003,58.919
11/05/2003,58.525
11/06/2003,58.84
11/07/2003,58.446
11/08/2003,57.687
11/09/2003,57.583
11/10/2003,56.854
11/11/2003,56.776
11/12/2003,56.412
11/13/2003,56.361
11/14/2003,55.998
11/15/2003,55.972
11/16/2003,55.972
11/17/2003,55.947
11/18/2003,55.585
11/19/2003,55.559
11/20/2003,55.559
11/21/2003,55.559
11/22/2003,55.559
11/23/2003,55.585
11/24/2003,55.688
11/25/2003,54.02
11/26/2003,53.764
11/27/2003,53.255
11/28/2003,49.366
11/29/2003,48.871
11/30/2003,47.495
12/01/2003,42.81
12/02/2003,42.15
12/03/2003,41.729
12/04/2003,40.843
12/05/2003,41.822
12/06/2003,33.469
12/07/2003,25.473
12/08/2003,21.996
12/09/2003,17.201
12/10/2003,12.589
12/11/2003,10.766
12/12/2003,8.889
12/13/2003,7.633
12/14/2003,6.794
12/15/2003,6.221
12/16/2003,6.184
12/17/2003,6.099
12/18/2003,5.606
12/19/2003,5.242
12/20/2003,5.115
12/21/2003,5.047
12/22/2003,5.035
12/23/2003,4.865
12/24/2003,4.696
12/25/2003,4.752
12/26/2003,4.853
12/27/2003,4.63
12/28/2003,4.574
12/29/2003,4.696
12/30/2003,4.831
12/31/2003,5.582
01/01/2004,26.51
01/02/2004,28.07
01/03/2004,27.661
01/04/2004,26.189
01/05/2004,25.513
01/06/2004,25.196
01/07/2004,25.137
01/08/2004,24.588
01/09/2004,24.509
01/10/2004,23.926
01/11/2004,23.327
01/12/2004,23.002
01/13/2004,22.715
01/14/2004,22.677
01/15/2004,22.392
01/16/2004,22.109
01/17/2004,22.052
01/18/2004,21.508
01/19/2004,21.154
01/20/2004,20.341
01/21/2004,20.012
01/22/2004,19.594
01/23/2004,17.444
01/24/2004,15.415
01/25/2004,15.348
01/26/2004,13.107
01/27/2004,13.154
01/28/2004,13.012
01/29/2004,13.905
01/30/2004,13.986
01/31/2004,12.542
02/01/2004,3.504
02/02/2004,2.869
02/03/2004,2.536
02/04/2004,2.287
02/05/2004,2.165
02/06/2004,2.287
02/07/2004,2.419
02/08/2004,2.41
02/09/2004,2.157
02/10/2004,2.013
02/11/2004,1.88
02/12/2004,1.703
02/13/2004,1.456
02/14/2004,1.209
02/15/2004,0.862
02/16/2004,0.932
02/17/2004,0.932
02/18/2004,0.837
02/19/2004,0.745
02/20/2004,0.698
02/21/2004,0.925
02/22/2004,1.03
02/23/2004,0.938
02/24/2004,0.862
02/25/2004,1.181
02/26/2004,1.954
02/27/2004,2.021
02/28/2004,2.122
02/29/2004,1.839
03/01/2004,1.632
03/02/2004,1.632
03/03/2004,1.743
03/04/2004,1.751
03/05/2004,1.751
03/06/2004,1.743
03/07/2004,1.632
03/08/2004,1.617
03/09/2004,1.509
03/10/2004,1.419
03/11/2004,1.266
03/12/2004,1.153
03/13/2004,1.05
03/14/2004,1.03
03/15/2004,0.843
03/16/2004,0.745
03/17/2004,0.745
03/18/2004,0.831
03/19/2004,0.843
03/20/2004,0.938
03/21/2004,1.03
03/22/2004,0.945
03/23/2004,0.938
03/24/2004,0.932
03/25/2004,0.843
03/26/2004,0.843
03/27/2004,0.932
03/28/2004,0.932
03/29/2004,0.837
03/30/2004,0.745
03/31/2004,0.794
04/01/2004,1.679
04/02/2004,1.751
04/03/2004,1.751
04/04/2004,1.743
04/05/2004,1.632
04/06/2004,1.624
04/07/2004,1.617
04/08/2004,1.509
04/09/2004,1.501
04/10/2004,1.494
04/11/2004,1.389
04/12/2004,1.382
04/13/2004,1.374
04/14/2004,1.273
04/15/2004,1.258
04/16/2004,1.16
04/17/2004,1.139
04/18/2004,0.951
04/19/2004,0.945
04/20/2004,1.037
04/21/2004,1.044
04/22/2004,1.037
04/23/2004,0.945
04/24/2004,0.971
04/25/2004,0.945
04/26/2004,0.938
04/27/2004,0.945
04/28/2004,1.037
04/29/2004,1.044
04/30/2004,1.125
05/01/2004,2.464
05/02/2004,2.518
05/03/2004,2.428
05/04/2004,2.446
05/05/2004,2.701
05/06/2004,2.719
05/07/2004,2.627
05/08/2004,2.509
05/09/2004,2.295
05/10/2004,2.287
05/11/2004,2.287
05/12/2004,2.322
05/13/2004,2.831
05/14/2004,2.859
05/15/2004,2.728
05/16/2004,2.71
05/17/2004,2.581
05/18/2004,2.572
05/19/2004,2.563
05/20/2004,2.446
05/21/2004,2.563
05/22/2004,2.563
05/23/2004,2.428
05/24/2004,2.287
05/25/2004,2.157
05/26/2004,2.157
05/27/2004,2.269
05/28/2004,2.165
05/29/2004,2.287
05/30/2004,2.41
05/31/2004,2.295
06/01/2004,
06/02/2004,
06/03/2004,
06/04/2004,
06/05/2004,
06/06/2004,
06/07/2004,
06/08/2004,
06/09/2004,
06/10/2004,
06/11/2004,
06/12/2004,
06/13/2004,
06/14/2004,
06/15/2004,
06/16/2004,
06/17/2004,
06/18/2004,
06/19/2004,
06/20/2004,
06/21/2004,
06/22/2004,
06/23/2004,
06/24/2004,
06/25/2004,
06/26/2004,
06/27/2004,
06/28/2004,
06/29/2004,
06/30/2004,
07/01/2004,1.188
07/02/2004,1.316
07/03/2004,1.679
07/04/2004,1.888
07/05/2004,1.831
07/06/2004,26.469
07/07/2004,29.827
07/08/2004,36.623
07/09/2004,38.93
07/10/2004,42.174
07/11/2004,41.331
07/12/2004,56.154
07/13/2004,73.944
07/14/2004,74.997
07/15/2004,73.348
07/16/2004,73.065
07/17/2004,78.304
07/18/2004,84.614
07/19/2004,81.335
07/20/2004,78.362
07/21/2004,76.027
07/22/2004,72.895
07/23/2004,64.611
07/24/2004,63.771
07/25/2004,56.724
07/26/2004,54.839
07/27/2004,50.41
07/28/2004,47.495
07/29/2004,41.308
07/30/2004,37.274
07/31/2004,38.269
08/01/2004,43.33
08/02/2004,51.839
08/03/2004,67.069
08/04/2004,87.154
08/05/2004,100.136
08/06/2004,121.629
08/07/2004,141.688
08/08/2004,153.281
08/09/2004,166.673
08/10/2004,163.987
08/11/2004,167.609
08/12/2004,164.918
08/13/2004,156.602
08/14/2004,151.466
08/15/2004,150.561
08/16/2004,150.489
08/17/2004,149.983
08/18/2004,149.947
08/19/2004,149.587
08/20/2004,149.334
08/21/2004,148.83
08/22/2004,148.794
08/23/2004,148.758
08/24/2004,148.182
08/25/2004,147.105
08/26/2004,146.531
08/27/2004,146.46
08/28/2004,145.959
08/29/2004,145.887
08/30/2004,145.387
08/31/2004,143.604
09/01/2004,115.826
09/02/2004,83.309
09/03/2004,81.13
09/04/2004,80.72
09/05/2004,80.662
09/06/2004,80.223
09/07/2004,79.756
09/08/2004,79.32
09/09/2004,79.291
09/10/2004,79.261
09/11/2004,78.855
09/12/2004,78.768
09/13/2004,77.956
09/14/2004,77.899
09/15/2004,77.581
09/16/2004,73.178
09/17/2004,72.81
09/18/2004,72.02
09/19/2004,71.88
09/20/2004,70.478
09/21/2004,67.316
09/22/2004,63.717
09/23/2004,63.582
09/24/2004,66.109
09/25/2004,72.612
09/26/2004,72.81
09/27/2004,75.111
09/28/2004,74.455
09/29/2004,66.547
09/30/2004,63.124
10/01/2004,26.029
10/02/2004,22.811
10/03/2004,17.532
10/04/2004,15.281
10/05/2004,13.921
10/06/2004,12.155
10/07/2004,11.924
10/08/2004,11.711
10/09/2004,11.604
10/10/2004,11.423
10/11/2004,10.988
10/12/2004,10.663
10/13/2004,10.516
10/14/2004,10.428
10/15/2004,10.267
10/16/2004,10.253
10/17/2004,10.05
10/18/2004,10.035
10/19/2004,9.891
10/20/2004,7.951
10/21/2004,7.818
10/22/2004,7.818
10/23/2004,7.818
10/24/2004,7.818
10/25/2004,7.818
10/26/2004,7.686
10/27/2004,5.917
10/28/2004,5.796
10/29/2004,5.796
10/30/2004,5.796
10/31/2004,5.796
11/01/2004,5.796
11/02/2004,5.796
11/03/2004,5.677
11/04/2004,4.096
11/05/2004,3.99
11/06/2004,3.99
11/07/2004,3.99
11/08/2004,3.99
11/09/2004,3.99
11/10/2004,3.99
11/11/2004,3.99
11/12/2004,3.99
11/13/2004,3.99
11/14/2004,3.99
11/15/2004,3.99
11/16/2004,3.99
11/17/2004,3.99
11/18/2004,3.885
11/19/2004,2.518
11/20/2004,2.428
11/21/2004,2.428
11/22/2004,2.428
11/23/2004,2.428
11/24/2004,2.428
11/25/2004,2.428
11/26/2004,2.428
11/27/2004,2.428
11/28/2004,2.428
11/29/2004,2.339
11/30/2004,1.223
12/01/2004,1.367
12/02/2004,1.367
12/03/2004,1.167
12/04/2004,1.153
12/05/2004,1.153
12/06/2004,1.153
12/07/2004,1.146
12/08/2004,1.05
12/09/2004,1.044
12/10/2004,1.044
12/11/2004,1.044
12/12/2004,1.044
12/13/2004,0.977
12/14/2004,0.938
12/15/2004,0.938
12/16/2004,0.938
12/17/2004,0.938
12/18/2004,0.938
12/19/2004,0.874
12/20/2004,0.837
12/21/2004,0.837
12/22/2004,0.837
12/23/2004,0.837
12/24/2004,0.806
12/25/2004,0.417
12/26/2004,0.393
12/27/2004,0.393
12/28/2004,0.393
12/29/2004,0.393
12/30/2004,0.384
12/31/2004,0.258
01/01/2005,0.246
01/02/2005,0.191
01/03/2005,0.187
01/04/2005,0.187
01/05/2005,0.183
01/06/2005,0.134
01/07/2005,0.13
01/08/2005,0.13
01/09/2005,0.13
01/10/2005,0.13
01/11/2005,0.13
01/12/2005,0.127
01/13/2005,0.081
01/14/2005,0.043
01/15/2005,0.041
01/16/2005,0.041
01/17/2005,0.041
01/18/2005,0.038
01/19/2005,0.012
01/20/2005,0.011
01/21/2005,0.011
01/22/2005,0.004
01/23/2005,0.0
01/24/2005,0.0
01/25/2005,0.0
01/26/2005,0.0
01/27/2005,0.0
01/28/2005,0.0
01/29/2005,0.0
01/30/2005,0.0
01/31/2005,0.0
02/01/2005,0.0
02/02/2005,0.0
02/03/2005,0.0
02/04/2005,0.0
02/05/2005,0.0
02/06/2005,0.0
02/07/2005,0.0
02/08/2005,0.0
02/09/2005,0.0
02/10/2005,0.0
02/11/2005,0.0
02/12/2005,0.0
02/13/2005,0.0
02/14/2005,0.0
02/15/2005,0.0
02/16/2005,0.0
02/17/2005,0.0
02/18/2005,0.0
02/19/2005,0.0
02/20/2005,0.0
02/21/2005,0.0
02/22/2005,0.0
02/23/2005,0.0
02/24/2005,0.0
02/25/2005,0.0
02/26/2005,0.0
02/27/2005,0.0
02/28/2005,0.0
03/01/2005,0.0
03/02/2005,0.0
03/03/2005,0.0
03/04/2005,0.0
03/05/2005,0.0
03/06/2005,0.0
03/07/2005,0.0
03/08/2005,0.0
03/09/2005,0.0
03/10/2005,0.0
03/11/2005,0.0
03/12/2005,0.0
03/13/2005,0.0
03/14/2005,0.0
03/15/2005,0.0
03/16/2005,0.0
03/17/2005,0.0
03/18/2005,0.0
03/19/2005,0.0
03/20/2005,0.0
03/21/2005,0.0
03/22/2005,0.0
03/23/2005,0.0
03/24/2005,0.0
03/25/2005,0.0
03/26/2005,0.0
03/27/2005,0.0
03/28/2005,0.0
03/29/2005,0.0
03/30/2005,0.0
03/31/2005,0.0
04/01/2005,0.0
04/02/2005,0.0
04/03/2005,0.0
04/04/2005,0.0
04/05/2005,0.0
04/06/2005,0.0
04/07/2005,0.0
04/08/2005,0.0
04/09/2005,0.0
04/10/2005,0.0
04/11/2005,0.0
04/12/2005,0.0
04/13/2005,0.0
04/14/2005,0.0
04/15/2005,0.0
04/16/2005,0.0
04/17/2005,0.0
04/18/2005,0.0
04/19/2005,0.0
04/20/2005,0.0
04/21/2005,0.0
04/22/2005,0.0
04/23/2005,0.0
04/24/2005,0.0
04/25/2005,0.0
04/26/2005,0.0
04/27/2005,0.0
04/28/2005,0.0
04/29/2005,0.0
04/30/2005,0.0
05/01/2005,0.0
05/02/2005,0.0
05/03/2005,0.0
05/04/2005,0.0
05/05/2005,0.0
05/06/2005,0.0
05/07/2005,0.0
05/08/2005,0.0
05/09/2005,0.0
05/10/2005,0.0
05/11/2005,0.246
05/12/2005,0.05
05/13/2005,0.0
05/14/2005,0.0
05/15/2005,0.0
05/16/2005,0.0
05/17/2005,0.0
05/18/2005,1.084
05/19/2005,1.153
05/20/2005,1.153
05/21/2005,1.153
05/22/2005,1.153
05/23/2005,1.105
05/24/2005,0.9
05/25/2005,0.739
05/26/2005,0.652
05/27/2005,0.607
05/28/2005,0.437
05/29/2005,0.254
05/30/2005,0.168
05/31/2005,0.13
06/01/2005,0.13
06/02/2005,0.127
06/03/2005,0.084
06/04/2005,0.078
06/05/2005,0.041
06/06/2005,0.012
06/07/2005,0.028
06/08/2005,0.692
06/09/2005,0.893
06/10/2005,0.71
06/11/2005,0.59
06/12/2005,0.266
06/13/2005,0.25
06/14/2005,0.246
06/15/2005,0.183
06/16/2005,0.087
06/17/2005,0.078
06/18/2005,0.093
06/19/2005,2.021
06/20/2005,4.486
06/21/2005,4.775
06/22/2005,2.812
06/23/2005,1.656
06/24/2005,1.064
06/25/2005,1.01
06/26/2005,3.938
06/27/2005,6.062
06/28/2005,5.808
06/29/2005,5.772
06/30/2005,5.3
07/01/2005,4.545
07/02/2005,4.277
07/03/2005,4.149
07/04/2005,4.242
07/05/2005,3.998
07/06/2005,3.647
07/07/2005,3.218
07/08/2005,2.741
07/09/2005,2.95
07/10/2005,3.727
07/11/2005,3.31
07/12/2005,2.484
07/13/2005,2.034
07/14/2005,1.737
07/15/2005,1.702
07/16/2005,2.39
07/17/2005,3.195
07/18/2005,4.082
07/19/2005,5.104
07/20/2005,4.432
07/21/2005,4.023
07/22/2005,5.049
07/23/2005,5.412
07/24/2005,5.375
07/25/2005,9.094
07/26/2005,81.276
07/27/2005,80.68
07/28/2005,44.075
07/29/2005,24.752
07/30/2005,20.589
07/31/2005,20.722
08/01/2005,22.839
08/02/2005,18.822
08/03/2005,15.983
08/04/2005,11.948
08/05/2005,10.442
08/06/2005,8.778
08/07/2005,7.881
08/08/2005,7.057
08/09/2005,6.424
08/10/2005,5.271
08/11/2005,5.095
08/12/2005,4.625
08/13/2005,4.166
08/14/2005,4.948
08/15/2005,4.458
08/16/2005,4.234
08/17/2005,8.217
08/18/2005,10.181
08/19/2005,10.618
08/20/2005,21.294
08/21/2005,21.041
08/22/2005,22.578
08/23/2005,21.565
08/24/2005,36.547
08/25/2005,33.172
08/26/2005,22.804
08/27/2005,29.101
08/28/2005,35.176
08/29/2005,47.703
08/30/2005,72.11
08/31/2005,86.567
09/01/2005,92.629
09/02/2005,89.499
09/03/2005,136.086
09/04/2005,174.289
09/05/2005,193.687
09/06/2005,211.97
09/07/2005,215.386
09/08/2005,205.828
09/09/2005,197.67
09/10/2005,173.26
09/11/2005,143.974
09/12/2005,107.78
09/13/2005,79.198
09/14/2005,57.622
09/15/2005,44.19
09/16/2005,39.135
09/17/2005,35.49
09/18/2005,29.839
09/19/2005,26.712
09/20/2005,24.572
09/21/2005,25.078
09/22/2005,30.663
09/23/2005,36.122
09/24/2005,30.702
09/25/2005,30.367
09/26/2005,26.101
09/27/2005,30.112
09/28/2005,36.653
09/29/2005,35.176
09/30/2005,33.417
10/01/2005,28.563
10/02/2005,22.978
10/03/2005,21.855
10/04/2005,29.159
10/05/2005,39.574
10/06/2005,35.49
10/07/2005,28.506
10/08/2005,28.238
10/09/2005,33.09
10/10/2005,23.911
10/11/2005,19.096
10/12/2005,15.804
10/13/2005,13.413
10/14/2005,12.401
10/15/2005,11.32
10/16/2005,10.807
10/17/2005,11.711
10/18/2005,11.333
10/19/2005,10.268
10/20/2005,8.662
10/21/2005,7.518
10/22/2005,6.951
10/23/2005,6.577
10/24/2005,6.072
10/25/2005,5.422
10/26/2005,4.939
10/27/2005,4.467
10/28/2005,4.132
10/29/2005,3.99
10/30/2005,3.8
10/31/2005,3.371
11/01/2005,3.195
11/02/2005,3.105
11/03/2005,2.848
11/04/2005,2.649
11/05/2005,2.504
11/06/2005,2.356
11/07/2005,2.18
11/08/2005,1.972
11/09/2005,1.737
11/10/2005,1.726
11/11/2005,1.691
11/12/2005,1.634
11/13/2005,1.6
11/14/2005,1.538
11/15/2005,1.423
11/16/2005,1.287
11/17/2005,1.21
11/18/2005,1.205
11/19/2005,1.2
11/20/2005,1.126
11/21/2005,1.045
11/22/2005,0.908
11/23/2005,0.838
11/24/2005,0.829
11/25/2005,0.766
11/26/2005,0.701
11/27/2005,0.643
11/28/2005,0.639
11/29/2005,0.639
11/30/2005,0.639
12/01/2005,0.596
12/02/2005,0.555
12/03/2005,0.516
12/04/2005,0.479
12/05/2005,0.444
12/06/2005,0.41
12/07/2005,0.378
12/08/2005,0.347
12/09/2005,0.318
12/10/2005,0.318
12/11/2005,0.301
12/12/2005,0.274
12/13/2005,0.274
12/14/2005,0.274
12/15/2005,0.233
12/16/2005,0.233
12/17/2005,0.218
12/18/2005,0.194
12/19/2005,0.194
12/20/2005,0.181
12/21/2005,0.159
12/22/2005,0.159
12/23/2005,0.138
12/24/2005,0.126
12/25/2005,0.126
12/26/2005,0.108
12/27/2005,0.097
12/28/2005,0.097
12/29/2005,0.072
12/30/2005,0.071
12/31/2005,0.057
01/01/2006,0.045
01/02/2006,0.028
01/03/2006,0.03
01/04/2006,0.024
01/05/2006,0.015
01/06/2006,0.014
01/07/2006,0.011
01/08/2006,0.005
01/09/2006,0.005
01/10/2006,0.001
01/11/2006,0.0
01/12/2006,0.0
01/13/2006,0.0
01/14/2006,0.0
01/15/2006,0.0
01/16/2006,0.0
01/17/2006,0.0
01/18/2006,0.0
01/19/2006,0.0
01/20/2006,0.0
01/21/2006,0.0
01/22/2006,0.0
01/23/2006,0.0
01/24/2006,0.0
01/25/2006,0.0
01/26/2006,0.0
01/27/2006,0.0
01/28/2006,0.0
01/29/2006,0.0
01/30/2006,0.0
01/31/2006,0.0
02/01/2006,0.0
02/02/2006,0.0
02/03/2006,0.0
02/04/2006,0.0
02/05/2006,0.0
02/06/2006,0.0
02/07/2006,0.0
02/08/2006,0.0
02/09/2006,0.0
02/10/2006,0.0
02/11/2006,0.0
02/12/2006,0.0
02/13/2006,0.0
02/14/2006,0.0
02/15/2006,0.0
02/16/2006,0.0
02/17/2006,0.0
02/18/2006,0.0
02/19/2006,0.0
02/20/2006,0.0
02/21/2006,0.0
02/22/2006,0.0
02/23/2006,0.0
02/24/2006,0.0
02/25/2006,0.0
02/26/2006,0.0
02/27/2006,0.0
02/28/2006,0.0
03/01/2006,0.0
03/02/2006,0.0
03/03/2006,0.0
03/04/2006,0.0
03/05/2006,0.0
03/06/2006,0.0
03/07/2006,0.0
03/08/2006,0.0
03/09/2006,0.0
03/10/2006,0.0
03/11/2006,0.0
03/12/2006,0.0
03/13/2006,0.0
03/14/2006,0.0
03/15/2006,0.0
03/16/2006,0.0
03/17/2006,0.0
03/18/2006,0.0
03/19/2006,0.0
03/20/2006,0.0
03/21/2006,0.0
03/22/2006,0.0
03/23/2006,0.0
03/24/2006,0.0
03/25/2006,0.0
03/26/2006,0.0
03/27/2006,0.0
03/28/2006,0.0
03/29/2006,0.0
03/30/2006,0.0
03/31/2006,0.0
04/01/2006,0.0
04/02/2006,0.0
04/03/2006,0.0
04/04/2006,0.0
04/05/2006,0.0
04/06/2006,0.0
04/07/2006,0.0
04/08/2006,0.0
04/09/2006,0.0
04/10/2006,0.0
04/11/2006,0.0
04/12/2006,0.0
04/13/2006,0.0
04/14/2006,0.0
04/15/2006,0.0
04/16/2006,0.0
04/17/2006,0.0
04/18/2006,0.0
04/19/2006,0.0
04/20/2006,0.0
04/21/2006,0.0
04/22/2006,0.0
04/23/2006,0.0
04/24/2006,0.0
04/25/2006,0.0
04/26/2006,0.0
04/27/2006,0.0
04/28/2006,0.0
04/29/2006,0.0
04/30/2006,0.0
05/01/2006,0.0
05/02/2006,0.0
05/03/2006,0.0
05/04/2006,0.0
05/05/2006,0.0
05/06/2006,0.0
05/07/2006,0.0
05/08/2006,0.0
05/09/2006,0.0
05/10/2006,0.0
05/11/2006,0.0
05/12/2006,0.0
05/13/2006,0.0
05/14/2006,0.0
05/15/2006,0.0
05/16/2006,0.0
05/17/2006,0.0
05/18/2006,0.0
05/19/2006,0.0
05/20/2006,0.0
05/21/2006,0.0
05/22/2006,0.0
05/23/2006,0.0
05/24/2006,0.0
05/25/2006,0.0
05/26/2006,0.0
05/27/2006,0.0
05/28/2006,0.0
05/29/2006,0.0
05/30/2006,0.0
05/31/2006,0.0
06/01/2006,0.0
06/02/2006,0.0
06/03/2006,0.0
06/04/2006,0.0
06/05/2006,0.0
06/06/2006,0.0
06/07/2006,0.0
06/08/2006,0.0
06/09/2006,0.0
06/10/2006,0.0
06/11/2006,0.0
06/12/2006,0.0
06/13/2006,0.0
06/14/2006,0.0
06/15/2006,0.0
06/16/2006,0.0
06/17/2006,0.004
06/18/2006,0.003
06/19/2006,0.0
06/20/2006,0.0
06/21/2006,0.0
06/22/2006,0.007
06/23/2006,0.011
06/24/2006,0.002
06/25/2006,0.0
06/26/2006,0.057
06/27/2006,0.261
06/28/2006,0.581
06/29/2006,0.357
06/30/2006,0.132
07/01/2006,0.05
07/02/2006,1.427
07/03/2006,3.454
07/04/2006,2.567
07/05/2006,1.888
07/06/2006,2.708
07/07/2006,3.218
07/08/2006,1.726
07/09/2006,1.726
07/10/2006,2.116
07/11/2006,3.833
07/12/2006,3.457
07/13/2006,2.913
07/14/2006,2.346
07/15/2006,1.952
07/16/2006,1.708
07/17/2006,1.501
07/18/2006,1.526
07/19/2006,3.64
07/20/2006,8.985
07/21/2006,6.553
07/22/2006,6.194
07/23/2006,13.72
07/24/2006,26.708
07/25/2006,16.772
07/26/2006,14.23
07/27/2006,10.763
07/28/2006,7.94
07/29/2006,6.553
07/30/2006,6.464
07/31/2006,6.933
08/01/2006,9.464
08/02/2006,17.288
08/03/2006,15.705
08/04/2006,11.473
08/05/2006,9.823
08/06/2006,8.469
08/07/2006,8.305
08/08/2006,7.54
08/09/2006,6.248
08/10/2006,5.051
08/11/2006,5.104
08/12/2006,6.128
08/13/2006,6.395
08/14/2006,9.485
08/15/2006,11.736
08/16/2006,30.309
08/17/2006,41.063
08/18/2006,44.543
08/19/2006,41.957
08/20/2006,43.88
08/21/2006,48.47
08/22/2006,51.54
08/23/2006,63.776
08/24/2006,69.121
08/25/2006,79.602
08/26/2006,92.492
08/27/2006,95.773
08/28/2006,92.825
08/29/2006,98.758
08/30/2006,103.767
08/31/2006,127.046
09/01/2006,147.049
09/02/2006,166.387
09/03/2006,177.597
09/04/2006,174.559
09/05/2006,171.935
09/06/2006,175.959
09/07/2006,165.343
09/08/2006,144.203
09/09/2006,124.951
09/10/2006,114.273
09/11/2006,117.178
09/12/2006,117.194
09/13/2006,115.978
09/14/2006,114.998
09/15/2006,117.57
09/16/2006,120.895
09/17/2006,123.227
09/18/2006,120.688
09/19/2006,123.287
09/20/2006,139.982
09/21/2006,148.573
09/22/2006,147.841
09/23/2006,157.164
09/24/2006,167.208
09/25/2006,177.185
09/26/2006,178.506
09/27/2006,161.905
09/28/2006,131.699
09/29/2006,103.777
09/30/2006,95.422
10/01/2006,78.697
10/02/2006,100.034
10/03/2006,111.779
10/04/2006,104.772
10/05/2006,128.096
10/06/2006,137.499
10/07/2006,120.665
10/08/2006,92.85
10/09/2006,85.894
10/10/2006,102.655
10/11/2006,118.977
10/12/2006,137.499
10/13/2006,115.631
10/14/2006,91.842
10/15/2006,86.383
10/16/2006,76.358
10/17/2006,61.254
10/18/2006,44.582
10/19/2006,33.745
10/20/2006,28.966
10/21/2006,25.368
10/22/2006,22.526
10/23/2006,20.622
10/24/2006,19.566
10/25/2006,18.534
10/26/2006,14.877
10/27/2006,12.848
10/28/2006,11.152
10/29/2006,10.741
10/30/2006,10.342
10/31/2006,9.752
11/01/2006,8.801
11/02/2006,7.715
11/03/2006,7.195
11/04/2006,6.691
11/05/2006,6.042
11/06/2006,5.422
11/07/2006,5.122
11/08/2006,4.545
11/09/2006,3.998
11/10/2006,3.866
11/11/2006,3.607
11/12/2006,3.356
11/13/2006,2.994
11/14/2006,2.762
11/15/2006,2.649
11/16/2006,2.539
11/17/2006,2.218
11/18/2006,1.916
11/19/2006,1.726
11/20/2006,1.726
11/21/2006,1.726
11/22/2006,1.634
11/23/2006,1.634
11/24/2006,1.37
11/25/2006,1.287
11/26/2006,1.126
11/27/2006,0.903
11/28/2006,0.903
11/29/2006,0.903
11/30/2006,1.205
12/01/2006,0.766
12/02/2006,0.647
12/03/2006,0.616
12/04/2006,0.575
12/05/2006,0.525
12/06/2006,0.487
12/07/2006,0.467
12/08/2006,0.467
12/09/2006,0.447
12/10/2006,0.415
12/11/2006,0.396
12/12/2006,0.335
12/13/2006,0.318
12/14/2006,0.318
12/15/2006,0.315
12/16/2006,0.277
12/17/2006,0.274
12/18/2006,0.274
12/19/2006,0.258
12/20/2006,0.233
12/21/2006,0.208
12/22/2006,0.172
12/23/2006,0.159
12/24/2006,0.157
12/25/2006,0.128
12/26/2006,0.115
12/27/2006,0.095
12/28/2006,0.073
12/29/2006,0.07
12/30/2006,0.05
12/31/2006,0.048
01/01/2007,0.031
01/02/2007,0.024
01/03/2007,0.015
01/04/2007,0.015
01/05/2007,0.015
01/06/2007,0.015
01/07/2007,0.011
01/08/2007,0.005
01/09/2007,0.005
01/10/2007,0.005
01/11/2007,0.005
01/12/2007,0.005
01/13/2007,0.005
01/14/2007,0.005
01/15/2007,0.0
01/16/2007,0.0
01/17/2007,0.0
01/18/2007,0.0
01/19/2007,0.0
01/20/2007,0.0
01/21/2007,0.0
01/22/2007,0.0
01/23/2007,0.0
01/24/2007,0.0
01/25/2007,0.0
01/26/2007,0.0
01/27/2007,0.0
01/28/2007,0.0
01/29/2007,0.0
01/30/2007,0.0
01/31/2007,0.0
02/01/2007,0.0
02/02/2007,0.0
02/03/2007,0.0
02/04/2007,0.0
02/05/2007,0.0
02/06/2007,0.0
02/07/2007,0.0
02/08/2007,0.0
02/09/2007,0.0
02/10/2007,0.0
02/11/2007,0.0
02/12/2007,0.0
02/13/2007,0.0
02/14/2007,0.0
02/15/2007,0.0
02/16/2007,0.0
02/17/2007,0.0
02/18/2007,0.0
02/19/2007,0.0
02/20/2007,0.0
02/21/2007,0.0
02/22/2007,0.0
02/23/2007,0.0
02/24/2007,0.0
02/25/2007,0.0
02/26/2007,0.0
02/27/2007,0.0
02/28/2007,0.0
